Rk,Name,Age,Tm,IP,G,GS,R,RA9,RA9opp,RA9def,RA9role,PPFp,RA9avg,RAA,WAA,gmLI,WAAadj,WAR,RAR,waaWL%,162WL%,Salary,Acquired,Name-additional
1,Fernando Abad*,30,2TM,46.2,57,0,20,3.86,4.66,-0.11,-0.34,101.3,4.49,3,0.4,1.37,0.0,0.8,8,.506,.502,$1250000,Traded,abadfe01
2,A.J. Achter,27,LAA,37.2,27,0,13,3.11,4.57,0.25,-0.33,92.8,3.70,3,0.3,.43,-0.2,0.5,6,.510,.502,,Waivers,achteaj01
3,Austin Adams,29,CLE,18.1,19,0,22,10.80,4.57,0.27,-0.33,107.8,4.27,-13,-1.3,.36,0.4,-0.7,-11,.432,.492,,Amateur Draft,adamsau01
4,Tim Adleman,28,CIN,69.2,13,13,32,4.13,4.55,-0.01,0.19,100.3,4.77,6,0.6,,-0.1,1.2,11,.548,.504,,Free Agency,adlemti01
5,Andrew Albers*,30,MIN,17.0,6,2,16,8.47,4.61,-0.44,-0.13,102.5,5.04,-6,-0.6,.22,0.1,-0.3,-5,.398,.496,,Free Agency,alberan01
6,Matt Albers,33,CHW,51.1,58,1,44,7.71,4.59,0.00,-0.31,97.0,4.15,-20,-2.0,1.32,-0.4,-2.0,-15,.465,.487,$2000000,Free Agency,alberma01
7,Al Alburquerque,30,LAA,2.0,2,0,3,13.50,4.49,0.32,-0.32,90.0,3.47,-2,-0.2,.18,0.1,-0.1,-2,.395,.499,$1100000,Free Agency,albural01
8,Raúl Alcántara,23,OAK,22.1,5,5,18,7.25,4.72,-0.47,0.14,98.4,5.25,-5,-0.5,,0.0,-0.3,-3,.405,.497,,Traded,alcanra01
9,Scott Alexander*,26,KCR,19.0,17,0,7,3.32,4.48,0.11,-0.32,104.4,4.23,2,0.2,.64,-0.1,0.3,4,.512,.501,,Amateur Draft,alexasc02
10,Cody Allen,27,CLE,68.0,67,0,23,3.04,4.53,0.17,-0.33,106.6,4.29,9,1.0,1.56,0.1,1.8,16,.515,.506,$4150000,Amateur Draft,allenco01
11,Dan Altavilla,23,SEA,12.1,15,0,1,0.73,4.69,0.05,-0.34,92.5,3.97,4,0.5,.63,-0.1,0.5,6,.532,.503,,Amateur Draft,altavda01
12,Dario Alvarez*,27,2TM,26.2,26,0,16,5.40,4.56,0.01,-0.33,104.6,4.43,-3,-0.3,.99,0.2,0.2,0,.490,.500,,Waivers,alvarda01
13,Jose Alvarez*,27,LAA,57.1,64,0,29,4.55,4.71,0.23,-0.34,95.5,3.94,-4,-0.4,1.04,-0.1,0.0,2,.494,.498,$519500,Traded,alvarjo02
14,Alexi Amarista,27,SDP,0.1,1,0,0,0.00,4.89,0.03,-0.35,92.0,4.16,0,0.0,.00,0.0,0.0,0,.517,.500,$1350000,Traded,amarial01
15,Brett Anderson*,28,LAD,11.1,4,3,15,11.91,4.53,0.50,0.08,95.1,3.91,-10,-0.8,.82,0.0,-0.7,-9,.293,.495,$15800000,Free Agency,anderbr04
16,Chase Anderson,28,MIL,151.2,31,30,83,4.93,4.52,0.16,0.18,101.3,4.60,-3,-0.3,.74,-0.1,0.9,8,.489,.498,$520200,Traded,anderch01
17,Cody Anderson,25,CLE,60.2,19,9,45,6.68,4.57,0.26,0.03,104.0,4.51,-15,-1.4,.72,0.0,-0.8,-9,.425,.491,$511400,Amateur Draft,anderco01
18,Tyler Anderson*,26,COL,114.1,19,19,50,3.94,4.44,0.15,0.19,120.6,5.41,20,2.3,,-0.1,3.2,29,.619,.514,,Amateur Draft,anderty01
19,Matt Andriese,26,TBR,127.2,29,19,64,4.51,4.61,0.14,0.09,97.8,4.46,-1,-0.1,1.20,-0.1,1.1,12,.498,.500,,Traded,andrima01
20,Dustin Antolin,26,TOR,2.0,1,0,3,13.50,4.36,0.47,-0.32,102.0,3.64,-2,-0.2,.33,0.1,-0.1,-2,.312,.499,,Free Agency,antoldu01
21,Jayson Aquino*,23,BAL,2.1,3,0,0,0.00,5.12,0.02,-0.37,104.0,4.91,1,0.1,.13,-0.1,0.1,2,.546,.501,,Purchased,aquinja01
22,Elvis Araujo*,24,PHI,27.1,32,0,22,7.24,4.50,-0.08,-0.32,99.1,4.23,-9,-0.9,.89,0.0,-0.7,-7,.472,.494,,Free Agency,araujel01
23,Chris Archer,27,TBR,201.1,33,33,100,4.47,4.63,0.12,0.19,96.9,4.54,2,0.2,,-0.1,2.0,22,.505,.501,$2916666,Traded,archech01
24,Shawn Armstrong,25,CLE,10.2,10,0,3,2.53,4.60,0.23,-0.33,107.4,4.33,2,0.2,.68,-0.1,0.3,3,.523,.501,,Amateur Draft,armstsh01
25,Jonathan Aro,25,SEA,0.2,1,0,0,0.00,4.74,0.08,-0.34,102.0,4.40,0,0.0,1.57,0.0,0.1,0,.535,.500,,Traded,arojo01
26,Jake Arrieta,30,CHC,197.1,31,31,72,3.28,4.51,0.56,0.19,98.3,4.07,20,2.2,,-0.1,3.8,35,.570,.513,$10700000,Traded,arrieja01
27,Alec Asher,24,PHI,27.2,5,5,11,3.58,4.44,-0.09,0.19,99.2,4.68,4,0.4,,0.0,0.6,6,.583,.503,,Traded,asheral01
28,Luis Avilán*,26,LAD,19.2,27,0,8,3.66,4.77,0.23,-0.34,101.7,4.28,2,0.2,1.19,0.0,0.3,3,.506,.501,$1390000,Traded,avilalu01
29,John Axford,33,OAK,65.2,68,0,30,4.11,4.67,-0.39,-0.34,96.3,4.55,3,0.3,1.22,-0.1,0.9,10,.505,.502,$4500000,Free Agency,axforjo01
30,Pedro Báez,28,LAD,74.0,73,0,27,3.28,4.53,0.27,-0.32,98.3,3.87,6,0.6,1.18,-0.1,1.2,11,.508,.504,$520000,Amateur Free Agent,baezpe01
31,Andrew Bailey,32,2TM,43.2,45,0,26,5.36,4.53,0.00,-0.32,98.2,4.14,-5,-0.6,1.05,-0.1,-0.2,-2,.488,.497,,Free Agency,bailean01
32,Homer Bailey,30,CIN,23.0,6,6,19,7.43,4.38,-0.01,0.16,100.8,4.59,-7,-0.7,,0.0,-0.5,-5,.391,.496,$18000000,Amateur Draft,baileho02
33,Johnny Barbato,23,NYY,13.0,13,0,11,7.62,4.82,0.08,-0.35,105.3,4.62,-4,-0.4,.81,0.0,-0.3,-3,.466,.497,$507500,Traded,barbajo01
34,Danny Barnes,26,TOR,13.2,12,0,6,3.95,4.59,0.30,-0.33,98.1,3.89,0,0.0,.77,0.0,0.1,1,.499,.500,,Amateur Draft,barneda02
35,Jacob Barnes,26,MIL,26.2,27,0,9,3.04,4.58,0.14,-0.32,102.5,4.22,4,0.4,.71,-0.1,0.5,6,.515,.503,,Amateur Draft,barneja01
36,Matt Barnes,26,BOS,66.2,62,0,32,4.32,4.52,0.41,-0.33,106.9,4.04,-2,-0.2,1.27,-0.2,0.3,5,.497,.499,$511000,Amateur Draft,barnema01
37,Tony Barnette,32,TEX,60.1,53,0,16,2.39,4.66,0.03,-0.34,108.1,4.64,15,1.6,1.17,0.0,2.2,21,.530,.510,$1500000,Free Agency,barneto01
38,Darwin Barney,30,TOR,1.0,1,0,1,9.00,4.53,0.32,-0.32,102.0,3.97,-1,-0.1,2.34,0.0,-0.1,0,.445,.500,$1050000,Traded,barneda01
39,Kyle Barraclough,26,MIA,72.2,75,0,24,2.97,4.43,0.02,-0.31,93.6,3.83,8,0.8,1.38,0.0,1.5,13,.511,.505,,Traded,barraky01
40,Jake Barrett,24,ARI,59.1,68,0,25,3.79,4.51,-0.12,-0.32,108.0,4.66,6,0.7,1.21,-0.1,1.2,11,.510,.504,$507500,Amateur Draft,barreja01
41,Chris Bassitt,27,OAK,28.0,5,5,20,6.43,4.56,-0.44,0.18,96.5,5.01,-4,-0.4,,0.0,-0.2,-2,.415,.497,$510000,Traded,bassich01
42,Antonio Bastardo*,30,2TM,67.2,69,0,37,4.92,4.42,0.01,-0.31,96.9,3.97,-6,-0.6,.92,-0.1,-0.1,-1,.491,.498,$5375000,Free Agency,bastaan01
43,Trevor Bauer,25,CLE,190.0,35,28,96,4.55,4.53,0.23,0.14,106.8,4.74,4,0.4,.63,-0.2,2.2,23,.512,.503,,Traded,bauertr01
44,Buddy Baumann*,28,SDP,9.2,11,0,4,3.72,4.66,0.04,-0.33,90.2,3.87,0,0.0,1.20,0.0,0.1,1,.503,.500,,Free Agency,baumabu01
45,Chris Beck,25,CHW,25.1,25,0,18,6.39,4.47,0.00,-0.32,96.4,4.00,-7,-0.7,.88,0.0,-0.4,-4,.473,.496,,Amateur Draft,beckch02
46,Cam Bedrosian,24,LAA,40.1,45,0,7,1.56,4.60,0.17,-0.33,94.8,3.89,10,1.1,.90,-0.2,1.4,14,.525,.507,$510500,Amateur Draft,bedroca01
47,Matt Belisle,36,WSN,46.0,40,0,13,2.54,4.39,0.08,-0.31,102.9,4.11,9,0.9,.83,-0.2,1.2,12,.523,.506,$1250000,Free Agency,belisma01
48,Joaquín Benoit,38,2TM,48.0,51,0,17,3.19,4.54,0.16,-0.33,98.7,4.00,4,0.5,1.34,0.1,1.1,9,.510,.501,$8000000,Traded,benoijo01
49,Christian Bergman,28,COL,24.2,15,1,24,8.76,4.66,0.18,-0.22,114.5,4.87,-10,-1.0,.65,0.1,-0.7,-8,.433,.494,$512500,Amateur Draft,bergmch01
50,José Berríos,22,MIN,58.1,14,14,56,8.64,4.47,-0.39,0.17,98.7,4.97,-24,-2.1,,0.0,-1.6,-18,.348,.487,,Amateur Draft,berrijo01
51,Dellin Betances,28,NYY,73.0,73,0,31,3.82,4.62,0.06,-0.33,103.2,4.36,4,0.5,1.50,-0.1,1.2,12,.506,.503,$507500,Amateur Draft,betande01
52,Christian Bethancourt,24,SDP,1.2,2,0,0,0.00,4.57,0.04,-0.32,91.0,3.82,1,0.1,.00,0.0,0.1,1,.539,.500,$511200,Traded,bethach01
53,Chad Bettis,27,COL,186.0,32,32,107,5.18,4.45,0.16,0.19,114.3,5.12,1,0.1,,-0.1,1.6,15,.504,.501,$512500,Amateur Draft,bettich01
54,Joe Biagini,26,TOR,67.2,60,0,28,3.72,4.67,0.33,-0.34,102.9,4.13,3,0.3,1.01,-0.2,0.9,10,.505,.502,$507500,Rule 5 Draft,biagijo01
55,Ty Blach*,25,SFG,17.0,4,2,2,1.06,4.63,0.37,0.01,98.6,4.21,6,0.7,.06,-0.1,0.7,7,.678,.504,,Amateur Draft,blachty01
56,Aaron Blair,24,ATL,70.0,15,15,61,7.84,4.46,-0.03,0.19,95.7,4.48,-25,-2.3,,-0.1,-1.7,-20,.349,.486,,Traded,blairaa01
57,Joe Blanton,35,LAD,80.0,75,0,23,2.59,4.54,0.27,-0.32,96.8,3.82,12,1.3,1.13,-0.1,1.9,18,.517,.508,$4000000,Free Agency,blantjo01
58,Michael Blazek,27,MIL,41.1,41,0,31,6.75,4.51,0.17,-0.32,102.1,4.11,-12,-1.2,1.10,-0.2,-1.0,-8,.471,.493,$514200,Traded,blazemi01
59,Richard Bleier*,29,NYY,23.0,23,0,6,2.35,4.81,0.10,-0.35,105.7,4.61,6,0.6,.39,-0.2,0.6,8,.527,.504,,Free Agency,bleieri01
60,Jerry Blevins*,32,NYM,42.0,73,0,14,3.00,4.63,0.03,-0.33,95.9,4.10,6,0.6,1.45,0.0,1.0,9,.508,.504,$4000000,Traded,blevije01
61,Mike Bolsinger,28,LAD,27.2,6,6,21,6.83,4.59,0.33,0.19,96.4,4.29,-7,-0.7,,0.0,-0.5,-5,.384,.496,,Purchased,bolsimi01
62,Wilfredo Boscan,26,PIT,15.1,6,1,11,6.46,4.49,-0.03,-0.09,99.7,4.42,-3,-0.3,.43,0.0,-0.2,-2,.446,.498,,Free Agency,boscawi01
63,Buddy Boshers*,28,MIN,36.0,37,0,21,5.25,4.56,-0.35,-0.33,101.3,4.64,-2,-0.3,.82,-0.1,0.1,1,.493,.498,,Free Agency,boshebu01
64,Matt Bowman,25,STL,67.2,59,0,31,4.12,4.46,-0.13,-0.32,96.5,4.12,1,0.1,.99,-0.2,0.6,6,.502,.501,$507500,Rule 5 Draft,bowmama01
65,Brad Boxberger,28,TBR,24.1,27,0,13,4.81,4.61,0.13,-0.33,96.7,4.01,-2,-0.2,1.36,-0.1,-0.1,0,.492,.499,$519200,Traded,boxbebr01
66,Matthew Boyd*,25,DET,97.1,20,18,51,4.72,4.54,-0.34,0.15,100.5,5.06,4,0.4,1.63,-0.1,1.3,13,.520,.502,,Traded,boydma01
67,Blaine Boyer,34,MIL,66.0,61,0,30,4.09,4.54,0.18,-0.32,101.9,4.11,1,0.1,.79,-0.2,0.6,6,.502,.501,$950000,Free Agency,boyerbl01
68,Brad Brach,30,BAL,79.0,71,0,23,2.62,4.59,0.03,-0.33,101.9,4.31,15,1.6,1.26,0.0,2.4,23,.522,.510,$1250000,Traded,brachbr01
69,Silvino Bracho,23,ARI,24.2,26,0,22,8.03,4.47,-0.16,-0.32,112.3,4.85,-8,-0.8,.60,0.1,-0.5,-7,.467,.495,$509300,Amateur Free Agent,brachsi01
70,Archie Bradley,23,ARI,141.2,26,26,84,5.34,4.47,-0.13,0.19,110.6,5.30,1,0.1,,-0.1,1.3,12,.505,.501,,Amateur Draft,bradlar01
71,Jed Bradley*,26,ATL,7.0,6,0,4,5.14,4.53,-0.03,-0.32,99.9,4.24,-1,-0.1,1.07,0.0,0.0,0,.490,.500,,Purchased,bradlje01
72,Steven Brault*,24,PIT,33.1,8,7,26,7.02,4.35,-0.03,0.16,99.8,4.52,-9,-0.8,.15,0.0,-0.6,-6,.396,.495,,Traded,braulst01
73,Craig Breslow*,35,MIA,14.0,15,0,9,5.79,4.50,0.04,-0.32,92.3,3.82,-3,-0.3,.89,0.0,-0.2,-2,.480,.498,$1500000,Free Agency,breslcr01
74,Austin Brice,24,MIA,14.0,15,0,12,7.71,4.25,0.03,-0.30,94.9,3.72,-6,-0.6,.56,0.1,-0.4,-5,.460,.496,,Amateur Draft,briceau01
75,Parker Bridwell,24,BAL,3.1,2,0,5,13.50,4.65,0.04,-0.33,104.0,4.46,-3,-0.3,.30,0.1,-0.2,-3,.350,.498,,Amateur Draft,bridwpa01
76,Zack Britton*,28,BAL,67.0,69,0,7,0.94,4.59,0.03,-0.33,102.1,4.32,25,2.7,1.67,0.7,4.1,32,.539,.517,$6750000,Amateur Draft,brittza01
77,Mike Broadway,29,SFG,5.1,4,0,7,11.81,4.39,0.50,-0.31,92.0,3.29,-5,-0.5,.32,0.1,-0.3,-5,.384,.497,,Free Agency,broadmi01
78,Jonathan Broxton,32,STL,60.2,66,0,32,4.75,4.48,-0.12,-0.32,96.5,4.14,-3,-0.3,.83,-0.1,0.1,1,.495,.498,$3750000,Traded,broxtjo01
79,Jake Buchanan,26,CHC,6.0,2,1,1,1.50,4.41,0.57,0.10,104.0,4.11,2,0.2,.03,0.0,0.2,2,.601,.501,,Free Agency,buchaja01
80,Clay Buchholz,31,BOS,139.1,37,21,80,5.17,4.51,0.47,0.10,106.0,4.39,-12,-1.2,.73,-0.1,0.1,2,.467,.493,$13000000,Amateur Draft,buchhcl01
81,Ryan Buchter*,29,SDP,63.0,67,0,20,2.86,4.48,0.03,-0.32,95.2,3.93,8,0.9,1.11,-0.1,1.4,13,.513,.505,$520000,Free Agency,buchtry01
82,Madison Bumgarner*,26,SFG,226.2,34,34,79,3.14,4.45,0.35,0.19,95.5,4.09,27,3.0,,-0.2,4.8,44,.588,.518,$9750000,Amateur Draft,bumgama01
83,Dylan Bundy,23,BAL,109.2,36,14,52,4.27,4.68,0.03,0.01,101.8,4.74,6,0.6,.90,-0.1,1.6,17,.517,.504,,Amateur Draft,bundydy01
84,Enrique Burgos,25,ARI,41.1,43,0,27,5.88,4.55,-0.12,-0.32,107.1,4.66,-5,-0.5,1.27,-0.2,-0.3,-2,.488,.497,$511500,Amateur Free Agent,burgoen02
85,Sean Burnett*,33,WSN,5.2,10,0,2,3.18,4.29,0.08,-0.30,101.3,3.95,1,0.1,.97,0.0,0.1,1,.506,.500,,Purchased,burnese01
86,Matt Buschmann,32,ARI,4.1,3,0,1,2.08,4.68,-0.11,-0.33,96.8,4.32,1,0.1,.70,0.0,0.1,1,.541,.501,,Free Agency,buschma01
87,Matt Bush,30,TEX,61.2,58,0,18,2.63,4.59,0.03,-0.33,107.4,4.55,13,1.4,1.35,0.1,2.1,19,.524,.509,,Free Agency,bushma01
88,Drew Butera,32,KCR,1.1,2,0,0,0.00,4.73,0.09,-0.34,104.0,4.46,1,0.1,.00,0.0,0.1,1,.535,.500,$1162500,Free Agency,buterdr01
89,Eddie Butler,25,COL,64.0,17,9,57,8.02,4.54,0.17,0.07,112.7,5.01,-21,-1.9,.78,0.0,-1.4,-16,.387,.488,,Amateur Draft,butleed01
90,Mauricio Cabrera,22,ATL,38.1,41,0,14,3.29,4.41,-0.02,-0.31,101.3,4.17,4,0.5,1.39,0.0,0.8,7,.511,.503,,Amateur Free Agent,cabrema01
91,Trevor Cahill,28,CHC,65.2,50,1,22,3.02,4.44,0.57,-0.28,100.7,3.62,5,0.6,.84,-0.2,1.0,10,.511,.503,$4250000,Free Agency,cahiltr01
92,Matt Cain,31,SFG,89.1,21,17,58,5.84,4.52,0.43,0.15,98.4,4.17,-15,-1.5,.30,0.0,-0.7,-9,.428,.491,$21000000,Amateur Draft,cainma01
93,Arquimedes Caminero,29,2TM,60.2,57,0,31,4.60,4.63,0.00,-0.33,97.9,4.21,-2,-0.2,.88,-0.2,0.2,3,.496,.500,$532500,Purchased,caminar01
94,Leonel Campos,28,SDP,22.0,18,0,16,6.55,4.55,0.04,-0.32,97.5,4.08,-6,-0.6,.33,0.1,-0.2,-4,.468,.496,,Amateur Free Agent,campole01
95,Vicente Campos,23,ARI,5.2,1,0,3,4.76,4.49,-0.14,0.19,114.0,5.49,1,0.1,.04,0.0,0.1,1,.557,.500,,Traded,campovi01
96,Chris Capuano*,37,MIL,24.0,16,0,11,4.13,4.49,0.13,-0.32,99.0,4.00,0,0.0,.74,-0.1,0.2,2,.500,.500,$1500000,Free Agency,capuach01
97,Matt Carasiti,24,COL,15.2,19,0,17,9.77,4.46,0.16,-0.32,116.1,4.63,-9,-0.9,.52,0.2,-0.6,-8,.454,.495,,Free Agency,carasma01
98,Carlos Carrasco,29,CLE,146.1,25,25,64,3.94,4.56,0.22,0.18,107.2,4.85,15,1.6,,-0.1,3.0,29,.565,.510,$4500000,Traded,carraca01
99,Scott Carroll,31,CHW,2.1,3,0,3,11.57,4.56,0.00,-0.33,108.8,4.60,-2,-0.2,.30,0.1,-0.1,-2,.441,.499,,Free Agency,carrosc02
100,Andrew Cashner,29,2TM,132.0,28,27,83,5.66,4.43,0.04,0.18,95.1,4.34,-18,-1.7,4.40,-0.1,-0.7,-8,.438,.495,$7150000,Traded,cashnan01
101,Santiago Casilla,35,SFG,58.0,62,0,23,3.57,4.52,0.35,-0.32,97.4,3.76,2,0.2,2.19,0.0,0.7,6,.503,.501,$6500000,Free Agency,garcija01
102,Miguel Castro,21,COL,14.2,19,0,10,6.14,4.50,0.16,-0.32,118.3,4.76,-2,-0.2,1.35,-0.1,-0.2,-1,.489,.499,$509500,Traded,castrmi01
103,Brett Cecil*,29,TOR,36.2,54,0,17,4.17,4.72,0.29,-0.34,101.7,4.16,0,0.0,1.27,-0.1,0.3,4,.500,.500,$3800000,Amateur Draft,cecilbr01
104,Xavier Cedeño*,29,TBR,41.1,54,0,17,3.70,4.77,0.13,-0.34,95.0,4.08,2,0.2,1.55,0.0,0.6,6,.503,.501,$524100,Purchased,cedenxa01
105,Hunter Cervenka*,26,2TM,43.1,68,0,19,3.95,4.73,-0.01,-0.34,99.2,4.37,3,0.3,1.11,-0.1,0.6,6,.504,.501,,Free Agency,cervehu01
106,Luis Cessa,24,NYY,70.1,17,9,36,4.61,4.62,0.10,0.05,101.1,4.62,0,0.0,.32,-0.1,0.6,7,.501,.500,$507500,Traded,cessalu01
107,Jhoulys Chacín,28,2TM,144.0,34,22,81,5.06,4.66,0.18,0.11,96.0,4.41,-10,-1.0,.72,-0.1,0.3,4,.470,.496,,Free Agency,chacijh01
108,Andrew Chafin*,26,ARI,22.2,32,0,18,7.15,4.66,-0.11,-0.33,106.8,4.75,-6,-0.6,1.01,-0.1,-0.4,-4,.482,.496,,Amateur Draft,chafian01
109,Joba Chamberlain,30,CLE,20.0,20,0,6,2.70,4.50,0.20,-0.32,103.1,4.09,3,0.3,.60,-0.1,0.4,5,.516,.502,$1000000,Free Agency,chambjo03
110,Aroldis Chapman*,28,2TM,58.0,59,0,12,1.86,4.57,0.20,-0.33,102.0,4.13,15,1.6,1.73,0.4,2.6,20,.527,.505,$11325000,Traded,chapmar01
111,Kevin Chapman*,28,HOU,8.0,9,0,8,9.00,4.98,0.62,-0.36,96.6,3.86,-5,-0.5,.62,0.1,-0.3,-4,.450,.497,,Traded,chapmke02
112,JT Chargois,25,MIN,23.0,25,0,12,4.70,4.68,-0.36,-0.34,101.1,4.75,0,0.0,.77,-0.1,0.2,2,.501,.500,,Amateur Draft,chargjt01
113,Tyler Chatwood,26,COL,158.0,27,27,75,4.27,4.49,0.15,0.18,115.2,5.22,19,2.0,,-0.1,3.3,31,.576,.513,$1000000,Traded,chatwty01
114,Jesse Chavez,32,2TM,67.0,62,0,36,4.84,4.57,0.31,-0.33,100.1,3.93,-6,-0.7,1.01,-0.1,-0.2,0,.489,.498,$4000000,Traded,chaveje01
115,Wei-Yin Chen*,30,MIA,123.1,22,22,69,5.04,4.32,0.03,0.18,92.8,4.15,-11,-1.0,,-0.1,-0.1,-1,.452,.494,$12500000,Free Agency,chenwe02
116,Tony Cingrani*,26,CIN,63.0,65,0,30,4.29,4.56,-0.01,-0.32,103.1,4.38,2,0.2,1.45,-0.1,0.6,6,.502,.501,$530000,Amateur Draft,cingrto01
117,Steve Cishek,30,SEA,64.0,62,0,21,2.95,4.53,0.05,-0.33,95.0,3.95,7,0.7,1.84,0.2,1.6,13,.512,.505,$4000000,Free Agency,cishest01
118,Alex Claudio*,24,TEX,51.2,39,0,19,3.31,4.59,0.03,-0.29,109.7,4.68,8,0.8,.79,-0.2,1.2,13,.521,.505,$510250,Amateur Draft,claudal01
119,Paul Clemens,28,2TM,71.1,18,14,39,4.92,4.58,0.04,0.16,93.0,4.37,-3,-0.3,2.01,-0.1,0.2,2,.481,.499,,Free Agency,clemepa02
120,Mike Clevinger,25,CLE,53.0,17,10,31,5.26,4.52,0.23,0.07,106.9,4.66,-4,-0.4,1.06,-0.1,0.1,2,.479,.498,,Traded,clevimi01
121,Tyler Clippard,31,2TM,63.0,69,0,27,3.86,4.55,-0.03,-0.32,105.7,4.50,5,0.5,1.31,-0.1,1.1,10,.508,.502,$6100000,Free Agency,clippty01
122,Alex Cobb,28,TBR,22.0,5,5,22,9.00,4.38,0.17,0.18,96.7,4.25,-12,-1.0,,0.0,-0.8,-9,.304,.494,$4000000,Amateur Draft,cobbal01
123,Phil Coke*,33,2TM,10.0,6,0,5,4.50,4.47,0.06,-0.32,104.1,4.24,0,0.0,.84,0.0,0.1,1,.500,.500,,Free Agency,cokeph01
124,A.J. Cole,24,WSN,38.1,8,8,24,5.63,4.35,0.07,0.18,100.2,4.47,-4,-0.4,,0.0,-0.1,-2,.445,.497,,Traded,coleaj01
125,Gerrit Cole,25,PIT,116.0,21,21,57,4.42,4.53,-0.03,0.18,99.0,4.68,5,0.5,,-0.1,1.5,14,.525,.503,$541000,Amateur Draft,colege01
126,Louis Coleman,30,LAD,48.0,61,0,27,5.06,4.50,0.31,-0.32,96.0,3.72,-7,-0.7,1.08,-0.1,-0.4,-3,.489,.496,$725000,Free Agency,colemlo01
127,Josh Collmenter,30,2TM,41.1,18,3,17,3.70,4.30,-0.08,-0.09,105.4,4.51,4,0.5,.32,-0.1,0.8,7,.527,.501,$1825000,Amateur Draft,collmjo01
128,Alex Colomé,27,TBR,56.2,57,0,12,1.91,4.63,0.11,-0.33,95.4,3.99,13,1.4,1.65,0.3,2.3,19,.524,.509,$521700,Amateur Free Agent,colomal01
129,Bartolo Colon,43,NYM,191.2,34,33,81,3.80,4.33,0.04,0.18,96.0,4.30,13,1.4,.64,-0.1,3.0,28,.541,.509,$7250000,Free Agency,colonba01
130,Joe Colon,26,CLE,10.0,11,0,9,8.10,4.44,0.26,-0.32,106.5,4.11,-4,-0.4,.87,0.0,-0.3,-3,.460,.497,,Amateur Draft,colonjo01
131,Gerardo Concepción*,24,CHC,2.1,3,0,1,3.86,4.62,0.64,-0.33,92.8,3.39,0,0.0,1.05,0.0,0.0,0,.497,.500,,Free Agency,concege01
132,Adam Conley*,26,MIA,133.1,25,25,59,3.98,4.36,0.03,0.18,95.4,4.30,6,0.7,,-0.1,1.8,17,.527,.504,$512500,Amateur Draft,conlead01
133,Patrick Corbin*,26,ARI,155.2,36,24,109,6.30,4.54,-0.14,0.11,106.3,5.09,-19,-1.9,1.09,-0.2,-0.7,-7,.448,.488,$2525000,Traded,corbipa01
134,Jarred Cosart,26,2TM,57.0,13,13,41,6.47,4.27,0.04,0.18,93.8,4.14,-14,-1.3,,0.0,-0.9,-10,.398,.495,$550000,Traded,cosarja01
135,Caleb Cotham,28,CIN,24.1,23,0,21,7.77,4.52,-0.01,-0.32,102.1,4.31,-9,-0.9,1.02,-0.1,-0.8,-7,.461,.494,$509675,Traded,cothaca01
136,Jharel Cotton,24,OAK,29.1,5,5,10,3.07,4.63,-0.37,0.19,95.9,4.98,6,0.7,,0.0,1.0,9,.642,.504,,Traded,cottojh01
137,Danny Coulombe*,26,OAK,47.2,35,0,24,4.53,4.73,-0.33,-0.34,97.2,4.59,0,0.0,.55,-0.1,0.4,5,.501,.500,,Purchased,couloda01
138,Tyler Cravy,26,MIL,28.1,20,2,9,2.86,4.61,0.15,-0.22,106.1,4.51,6,0.6,.43,-0.2,0.7,8,.530,.504,,Amateur Draft,cravyty01
139,Kyle Crockett*,24,CLE,16.0,29,0,9,5.06,4.90,0.23,-0.35,109.1,4.71,-1,-0.1,.87,0.0,0.1,1,.498,.500,,Amateur Draft,crockky01
140,Johnny Cueto,30,SFG,219.2,32,32,71,2.91,4.48,0.38,0.19,96.7,4.14,33,3.7,,-0.2,5.5,50,.615,.523,$15833333,Free Agency,cuetojo01
141,William Cuevas,25,BOS,5.0,3,0,2,3.60,4.49,0.45,-0.32,114.2,4.25,0,0.0,.35,0.0,0.1,1,.513,.500,,Amateur Free Agent,cuevawi01
142,Brandon Cunniff,27,ATL,17.0,15,0,9,4.76,4.44,-0.02,-0.31,97.9,4.06,-1,-0.1,.94,0.0,0.0,0,.492,.499,,Free Agency,cunnibr02
143,Zac Curtis*,23,ARI,13.1,21,0,10,6.75,4.86,-0.14,-0.34,103.0,4.80,-3,-0.3,.86,0.0,-0.2,-2,.487,.498,,Amateur Draft,curtiza01
144,Tyler Danish,21,CHW,1.2,3,0,2,10.80,4.33,0.00,-0.31,92.0,3.69,-1,-0.1,.55,0.0,-0.1,-1,.456,.499,,Amateur Draft,danisty01
145,John Danks*,31,CHW,22.1,4,4,20,8.06,4.53,0.00,0.18,94.4,4.45,-9,-0.8,,0.0,-0.6,-7,.309,.495,,Traded,danksjo01
146,Yu Darvish,29,TEX,100.1,17,17,43,3.86,4.56,0.03,0.18,108.3,5.10,14,1.5,,-0.1,2.5,24,.591,.509,$10000000,Purchased,darviyu01
147,Zach Davies,23,MIL,163.1,28,28,79,4.35,4.55,0.16,0.19,101.3,4.64,7,0.8,,-0.1,2.1,20,.528,.505,,Traded,davieza02
148,Wade Davis,30,KCR,43.1,45,0,9,1.87,4.60,0.08,-0.33,100.0,4.19,11,1.2,1.48,0.2,1.8,15,.526,.507,$8000000,Traded,daviswa01
149,Grant Dayton*,28,LAD,26.1,25,0,7,2.39,4.49,0.22,-0.32,98.4,3.88,5,0.5,1.18,0.0,0.7,7,.520,.503,,Traded,daytogr01
150,Joel De La Cruz,27,ATL,62.2,22,9,40,5.74,4.26,-0.03,0.05,99.2,4.30,-9,-0.9,.45,0.0,-0.4,-5,.458,.494,,Free Agency,delacjo01
151,Jorge De La Rosa*,35,COL,134.0,27,24,93,6.25,4.53,0.16,0.15,117.9,5.33,-12,-1.2,.63,-0.1,-0.1,-2,.456,.493,$12500000,Free Agency,rosajo01
152,Rubby De La Rosa,27,ARI,50.2,13,10,26,4.62,4.63,-0.13,0.15,108.5,5.32,5,0.5,1.66,0.0,0.9,8,.538,.503,$2350000,Traded,delarru01
153,José De León,23,LAD,17.0,4,4,17,9.00,4.41,0.34,0.18,100.3,4.26,-9,-0.7,,0.0,-0.6,-7,.313,.495,,Amateur Draft,deleojo03
154,Abel De Los Santos,23,CIN,5.2,5,0,7,11.12,4.71,-0.02,-0.33,101.3,4.45,-4,-0.4,.26,0.1,-0.2,-4,.420,.498,,Waivers,delosab01
155,Pat Dean*,27,MIN,67.1,19,9,47,6.28,4.60,-0.40,0.04,99.8,5.02,-9,-0.9,.52,0.0,-0.3,-3,.451,.494,,Amateur Draft,deanpa02
156,Jacob deGrom,28,NYM,148.0,24,24,53,3.22,4.38,0.03,0.18,95.2,4.31,20,2.2,,-0.1,3.4,31,.591,.514,$607000,Amateur Draft,degroja01
157,Steve Delabar,32,CIN,8.0,7,0,6,6.75,4.10,-0.01,-0.29,104.2,3.98,-2,-0.2,.76,0.0,-0.2,-2,.466,.499,,Free Agency,delabst01
158,Randall Delgado,26,ARI,75.0,79,0,39,4.68,4.55,-0.14,-0.32,109.2,4.77,2,0.2,1.01,-0.2,0.7,7,.502,.501,$1275000,Traded,delgara01
159,Matt Dermody*,25,TOR,3.0,5,0,4,12.00,5.99,0.35,-0.43,99.0,5.16,-2,-0.2,.28,0.1,-0.1,-2,.454,.499,,Amateur Draft,dermoma01
160,Anthony DeSclafani,26,CIN,123.1,20,20,51,3.72,4.48,-0.01,0.19,102.4,4.79,16,1.8,,-0.1,2.8,26,.590,.511,$540000,Traded,desclan01
161,Odrisamer Despaigne,29,2TM,30.1,19,0,21,6.23,4.59,0.04,-0.33,99.7,4.22,-7,-0.7,.60,0.1,-0.3,-4,.464,.497,,Traded,despaod01
162,Ross Detwiler*,30,2TM,48.2,16,7,34,6.29,4.63,-0.40,0.07,99.9,5.09,-6,-0.6,.83,0.0,-0.2,-2,.460,.498,$1000000,Free Agency,detwiro01
163,Chris Devenski,25,HOU,108.1,48,5,26,2.16,4.59,0.40,-0.22,93.1,3.69,18,2.0,.87,-0.3,2.8,29,.541,.512,,Traded,devench02
164,Scott Diamond*,29,TOR,1.0,1,0,3,27.00,3.95,0.54,-0.29,102.0,3.19,-3,-0.2,.07,0.1,-0.1,-3,.283,.499,,Free Agency,diamosc01
165,Dayan Díaz,27,CIN,6.2,6,0,9,12.15,4.26,-0.02,-0.30,105.9,4.21,-6,-0.6,.68,0.1,-0.4,-5,.408,.497,,Free Agency,diazda01
166,Edwin Díaz,22,SEA,51.2,49,0,16,2.79,4.61,0.04,-0.33,94.5,4.00,7,0.7,1.72,0.1,1.4,12,.515,.505,,Amateur Draft,diazed04
167,Jumbo Diaz,32,CIN,43.0,45,0,20,4.19,4.55,-0.01,-0.32,102.5,4.35,1,0.1,.64,-0.1,0.4,5,.503,.501,$525000,Free Agency,diazju03
168,R.A. Dickey,41,TOR,169.2,30,29,97,5.15,4.60,0.33,0.18,101.6,4.52,-12,-1.2,2.25,-0.1,0.4,5,.461,.493,$12000000,Traded,dicker.01
169,Jake Diekman*,29,TEX,53.0,66,0,22,3.74,4.68,0.03,-0.34,107.5,4.64,5,0.6,1.34,0.0,1.1,11,.508,.503,$1255000,Traded,diekmja01
170,José Domínguez,25,SDP,35.2,34,0,23,5.80,4.55,0.05,-0.32,95.3,3.98,-7,-0.7,.99,-0.1,-0.4,-4,.480,.496,,Free Agency,dominjo01
171,Sean Doolittle*,29,OAK,39.0,44,0,14,3.23,4.63,-0.34,-0.33,95.4,4.43,5,0.5,1.29,0.0,0.9,9,.512,.503,$1580000,Amateur Draft,doolise01
172,Kyle Drabek,28,ARI,2.0,1,0,1,4.50,5.05,-0.11,-0.36,114.0,5.47,0,0.0,.50,0.0,0.0,0,.526,.500,,Free Agency,drabeky01
173,Oliver Drake,29,BAL,18.0,14,0,11,5.50,4.62,0.03,-0.33,100.7,4.29,-2,-0.2,.79,0.0,-0.1,-1,.482,.498,,Free Agency,drakeol01
174,Brian Duensing*,33,BAL,13.1,14,0,6,4.05,4.82,0.03,-0.35,104.2,4.62,1,0.1,.27,-0.1,0.2,2,.506,.501,,Free Agency,duensbr01
175,Tyler Duffey,25,MIN,133.0,26,26,103,6.97,4.54,-0.39,0.18,101.5,5.19,-26,-2.5,,-0.1,-1.3,-13,.404,.485,,Amateur Draft,duffety01
176,Danny Duffy*,27,KCR,179.2,42,26,71,3.56,4.55,0.09,0.13,101.8,4.68,22,2.4,.77,-0.2,4.0,40,.558,.515,$4225000,Amateur Draft,duffyda01
177,Zach Duke*,33,2TM,61.0,81,0,16,2.36,4.73,-0.04,-0.34,96.5,4.27,13,1.4,1.32,0.1,2.1,19,.517,.504,$5000000,Free Agency,dukeza01
178,Ryan Dull,26,OAK,74.1,70,0,23,2.78,4.64,-0.35,-0.34,96.9,4.51,14,1.5,1.31,0.1,2.3,22,.522,.509,$507500,Amateur Draft,dullry01
179,Mike Dunn*,31,MIA,42.1,51,0,16,3.40,4.43,0.03,-0.31,95.4,3.90,3,0.3,1.17,-0.1,0.6,6,.506,.502,$3450000,Traded,dunnmi01
180,Sam Dyson,28,TEX,70.1,73,0,19,2.43,4.61,0.03,-0.33,105.5,4.48,16,1.7,1.83,0.5,2.9,23,.523,.510,$525270,Traded,dysonsa01
181,Josh Edgin*,29,NYM,10.1,16,0,6,5.23,4.59,0.03,-0.32,96.5,4.09,-1,-0.1,.82,0.0,0.0,0,.493,.499,$625000,Amateur Draft,edginjo01
182,Carl Edwards Jr.,24,CHC,36.0,36,0,15,3.75,4.49,0.42,-0.32,99.7,3.74,0,0.0,1.09,-0.1,0.3,3,.501,.500,,Traded,edwarca01
183,Zach Eflin,22,PHI,63.1,11,11,42,5.97,4.45,-0.09,0.19,101.9,4.81,-7,-0.7,,0.0,-0.2,-2,.435,.496,,Traded,eflinza01
184,Cody Ege*,25,2TM,11.2,18,0,5,3.86,4.92,0.16,-0.35,95.0,4.19,0,0.1,.96,-0.1,0.1,2,.504,.501,,Waivers,egeco01
185,Jerad Eickhoff,25,PHI,197.1,33,33,88,4.01,4.42,-0.08,0.18,99.9,4.68,17,1.9,,-0.1,3.5,32,.557,.512,$516000,Traded,eickhje01
186,Roenis Elías*,27,BOS,7.2,3,1,11,12.91,4.79,0.64,-0.06,105.0,4.30,-7,-0.6,.21,0.1,-0.4,-7,.296,.496,$558000,Traded,eliasro01
187,Brian Ellington,25,MIA,33.0,32,0,10,2.73,4.47,0.03,-0.32,95.5,3.94,5,0.5,.60,-0.2,0.6,7,.516,.503,,Amateur Draft,ellinbr02
188,Nathan Eovaldi,26,NYY,124.2,24,21,66,4.76,4.61,0.09,0.15,104.5,4.87,2,0.2,.33,-0.1,1.3,14,.507,.501,$5600000,Traded,eovalna01
189,Robbie Erlin*,25,SDP,15.2,3,2,7,4.02,4.21,0.04,0.06,102.3,4.33,1,0.1,.86,0.0,0.2,2,.527,.500,,Traded,erlinro01
190,Jake Esch,26,MIA,13.0,3,3,8,5.54,4.04,0.04,0.17,92.5,3.86,-2,-0.2,,0.0,-0.1,-1,.427,.499,,Amateur Draft,eschja01
191,Eduardo Escobar,27,MIN,1.0,1,0,0,0.00,4.73,-0.49,-0.34,100.0,4.87,1,0.1,.00,0.0,0.0,1,.559,.500,$2150000,Traded,escobed01
192,Edwin Escobar*,24,ARI,23.2,25,2,21,7.99,4.81,-0.16,-0.18,107.9,5.17,-7,-0.7,1.50,-0.2,-0.7,-5,.471,.496,,Waivers,escobed02
193,Carlos Estévez,23,COL,55.0,63,0,32,5.24,4.46,0.14,-0.32,119.7,4.80,-2,-0.2,1.31,-0.2,0.1,2,.497,.499,,Amateur Free Agent,estevca01
194,Marco Estrada,32,TOR,176.0,29,29,73,3.73,4.62,0.29,0.19,103.4,4.66,18,2.0,,-0.1,3.6,36,.569,.512,$11500000,Free Agency,estrama01
195,Dana Eveland*,32,TBR,23.0,33,0,23,9.00,4.75,0.15,-0.34,95.3,4.06,-13,-1.3,.80,0.1,-1.0,-10,.462,.492,$895000,Free Agency,evelada01
196,Jeurys Familia,26,NYM,77.2,78,0,25,2.90,4.34,0.03,-0.31,94.7,3.79,9,0.9,1.66,0.1,1.8,15,.512,.506,$4100000,Amateur Free Agent,familje01
197,Buck Farmer,25,DET,29.1,14,1,15,4.60,4.48,-0.31,-0.24,101.7,4.63,0,0.0,.24,-0.1,0.2,3,.501,.500,$509500,Amateur Draft,farmebu01
198,Danny Farquhar,29,TBR,35.1,35,0,14,3.57,4.72,0.12,-0.34,96.1,4.10,2,0.2,1.11,-0.1,0.5,6,.506,.501,$527000,Traded,farquda01
199,Andrew Faulkner*,23,TEX,6.2,9,0,7,9.45,4.83,0.04,-0.35,108.6,4.82,-3,-0.3,1.04,0.0,-0.3,-3,.462,.498,$508500,Amateur Draft,faulkan01
200,Scott Feldman,33,2TM,77.0,40,5,42,4.91,4.54,0.49,-0.16,96.5,3.74,-10,-1.0,.85,0.0,-0.2,-2,.475,.498,$8000000,Free Agency,feldmsc01
201,Michael Feliz,23,HOU,65.0,47,0,33,4.57,4.56,0.37,-0.29,94.2,3.67,-6,-0.7,.98,-0.1,-0.1,0,.486,.496,,Free Agency,felizmi01
202,Neftalí Feliz,28,PIT,53.2,62,0,21,3.52,4.47,-0.02,-0.32,99.9,4.17,5,0.5,1.42,0.0,1.0,9,.508,.503,$3900000,Free Agency,felizne01
203,José Fernández,23,MIA,182.1,29,29,63,3.11,4.44,0.03,0.19,93.1,4.29,26,2.9,,-0.1,4.4,40,.601,.518,$2800000,Amateur Draft,fernajo02
204,Josh Fields,30,2TM,35.0,37,0,22,5.66,4.56,0.38,-0.33,98.7,3.80,-7,-0.7,.57,0.1,-0.2,-4,.481,.498,$900000,Rule 5 Draft,fieldjo03
205,Casey Fien,32,2TM,39.1,39,0,24,5.49,4.48,0.06,-0.32,99.0,4.06,-6,-0.6,.89,-0.1,-0.4,-3,.485,.499,$2275000,Waivers,fienca01
206,Mike Fiers,31,HOU,168.2,31,30,89,4.75,4.59,0.50,0.18,93.0,3.97,-14,-1.4,.63,-0.1,0.1,2,.453,.491,$524100,Traded,fiersmi01
207,Brandon Finnegan*,23,CIN,172.0,31,31,86,4.50,4.50,-0.01,0.19,100.5,4.72,7,0.7,,-0.1,2.1,20,.522,.504,$511500,Traded,finnebr01
208,Doug Fister,32,HOU,180.1,32,32,98,4.89,4.53,0.51,0.18,93.5,3.93,-19,-1.9,,-0.1,-0.2,-1,.441,.488,$7000000,Free Agency,fistedo01
209,Ryan Flaherty,29,BAL,1.0,1,0,2,18.00,4.73,0.07,-0.34,104.0,4.48,-2,-0.1,.00,0.1,-0.1,-1,.363,.499,$1500000,Rule 5 Draft,flahery01
210,Yohan Flande*,30,COL,3.2,2,0,6,14.73,4.33,0.22,-0.31,132.0,5.01,-4,-0.3,1.98,-0.2,-0.5,-4,.329,.498,,Free Agency,flandyo01
211,Kendry Flores,24,MIA,3.0,1,1,0,0.00,4.55,0.03,0.19,104.0,4.90,2,0.2,,0.0,0.2,2,.694,.501,,Traded,floreke01
212,Dylan Floro,25,TBR,15.0,12,0,8,4.80,4.55,0.16,-0.33,104.1,4.23,-1,-0.1,.82,0.0,0.0,1,.492,.499,,Amateur Draft,florody01
213,Gavin Floyd,33,TOR,31.0,28,0,14,4.06,4.55,0.28,-0.33,101.7,4.00,0,0.0,1.53,-0.1,0.2,3,.499,.500,$1000000,Free Agency,floydga01
214,Brian Flynn*,26,KCR,55.1,36,1,19,3.09,4.51,0.09,-0.30,103.9,4.28,7,0.8,.96,-0.1,1.2,13,.522,.505,,Traded,flynnbr01
215,Mike Foltynewicz,24,ATL,123.1,22,22,61,4.45,4.42,-0.02,0.18,100.5,4.65,4,0.5,,-0.1,1.5,14,.521,.503,,Traded,foltymi01
216,Sam Freeman*,29,MIL,7.2,7,0,11,12.91,4.68,0.18,-0.33,99.9,4.16,-7,-0.7,.07,0.3,-0.3,-7,.400,.496,$520700,Purchased,freemsa01
217,Carlos Frías,26,LAD,4.0,1,0,0,0.00,4.52,0.30,-0.32,92.0,3.60,2,0.2,.08,-0.1,0.1,2,.692,.501,$517500,Amateur Free Agent,friasca01
218,Christian Friedrich*,28,SDP,129.1,24,23,74,5.15,4.48,0.05,0.18,97.9,4.52,-7,-0.7,.10,-0.1,0.3,2,.469,.495,,Free Agency,friedch01
219,Carson Fulmer,22,CHW,11.2,8,0,11,8.49,4.55,0.00,-0.33,97.4,4.11,-6,-0.6,.49,0.1,-0.3,-5,.431,.497,,Amateur Draft,fulmeca01
220,Michael Fulmer,23,DET,159.0,26,26,57,3.23,4.54,-0.32,0.18,102.7,5.18,35,3.9,,-0.1,5.4,50,.652,.524,,Traded,fulmemi01
221,Yovani Gallardo,30,BAL,118.0,23,23,74,5.64,4.54,0.03,0.17,101.5,4.74,-12,-1.2,,-0.1,-0.1,0,.449,.493,$9000000,Free Agency,gallayo01
222,Eddie Gamboa,31,TBR,13.1,7,0,3,2.03,4.65,0.12,-0.34,94.3,3.96,3,0.3,.84,-0.1,0.4,4,.544,.502,,Free Agency,gamboed01
223,John Gant,23,ATL,50.0,20,7,32,5.76,4.50,-0.02,0.00,97.0,4.39,-7,-0.7,.30,0.0,-0.2,-3,.465,.496,$507500,Traded,gantjo01
224,Jaime García*,29,STL,171.2,32,30,94,4.93,4.41,-0.13,0.17,96.4,4.54,-5,-0.5,.21,-0.1,0.9,8,.484,.497,$11500000,Amateur Draft,garcija02
225,Luis García,29,PHI,15.1,17,0,11,6.46,4.48,-0.09,-0.32,98.0,4.17,-4,-0.4,.95,0.0,-0.3,-3,.478,.498,,Free Agency,garcilu03
226,Yimi García,25,LAD,8.1,9,0,3,3.24,4.44,0.37,-0.31,97.3,3.65,0,0.1,1.01,0.0,0.1,1,.506,.500,$517500,Amateur Free Agent,garciyi01
227,Perci Garner,27,CLE,9.1,8,0,6,5.79,4.63,0.23,-0.33,108.2,4.40,-1,-0.1,.73,0.0,-0.1,-1,.482,.499,,Free Agency,garnepe01
228,Ryan Garton,26,TBR,39.1,37,0,20,4.58,4.59,0.15,-0.33,95.4,3.92,-3,-0.3,.60,0.0,0.1,1,.492,.498,,Amateur Draft,gartory01
229,Matt Garza,32,MIL,101.2,19,19,67,5.93,4.62,0.18,0.19,102.4,4.74,-12,-1.2,,-0.1,-0.4,-4,.437,.493,$12500000,Free Agency,garzama01
230,Kevin Gausman,25,BAL,179.2,30,30,76,3.81,4.58,0.03,0.18,101.7,4.81,20,2.2,,-0.1,3.9,38,.574,.514,$532000,Amateur Draft,gausmke01
231,Cory Gearrin,30,SFG,48.1,56,0,24,4.47,4.56,0.38,-0.32,97.1,3.75,-3,-0.3,1.53,-0.2,-0.1,0,.494,.498,$550000,Free Agency,gearrco01
232,Dillon Gee,30,KCR,125.0,33,14,67,4.82,4.48,0.11,-0.03,102.1,4.43,-5,-0.6,.83,-0.2,0.5,7,.483,.497,$2000000,Free Agency,geedi01
233,Steve Geltz,28,TBR,26.2,27,0,17,5.74,4.56,0.13,-0.33,95.1,3.90,-5,-0.6,.61,0.0,-0.2,-3,.479,.497,$519300,Traded,geltzst01
234,Gonzalez Germen,28,COL,40.2,40,0,25,5.53,4.42,0.15,-0.31,118.5,4.69,-3,-0.3,.78,-0.1,0.0,0,.492,.498,,Waivers,germego01
235,Kyle Gibson,28,MIN,147.1,25,25,89,5.44,4.53,-0.39,0.18,101.1,5.16,-5,-0.5,,-0.1,0.9,10,.482,.497,$587500,Amateur Draft,gibsoky01
236,Ken Giles,25,HOU,65.2,69,0,32,4.39,4.60,0.37,-0.33,91.9,3.58,-6,-0.6,1.56,-0.3,-0.3,1,.491,.496,$528200,Traded,gileske01
237,Sean Gilmartin*,26,NYM,17.2,14,1,14,7.13,4.49,0.04,-0.30,99.9,4.15,-6,-0.6,.52,0.1,-0.3,-4,.460,.497,,Rule 5 Draft,gilmase01
238,Chris Gimenez,33,CLE,3.0,2,0,4,12.00,4.52,0.34,-0.33,105.2,4.06,-3,-0.2,.00,0.1,-0.1,-2,.377,.498,,Purchased,gimench01
239,Lucas Giolito,21,WSN,21.1,6,4,18,7.59,4.39,0.09,0.06,101.4,4.43,-7,-0.7,.56,0.0,-0.5,-6,.387,.496,,Amateur Draft,giolilu01
240,Chad Girodo*,25,TOR,10.1,14,0,5,4.35,4.81,0.37,-0.35,102.8,4.21,0,0.0,.57,0.0,0.1,1,.499,.500,,Amateur Draft,girodch01
241,Mychal Givens,26,BAL,74.2,66,0,28,3.38,4.61,0.02,-0.33,101.5,4.32,8,0.8,1.18,-0.1,1.5,15,.513,.505,,Amateur Draft,givenmy01
242,Tyler Glasnow,22,PIT,23.1,7,4,13,5.01,4.55,-0.02,0.04,97.4,4.48,-1,-0.1,.34,0.0,0.1,1,.484,.499,,Amateur Draft,glasnty01
243,Koda Glover,23,WSN,19.2,19,0,12,5.49,4.51,0.07,-0.32,102.7,4.23,-2,-0.3,.98,0.0,-0.1,-1,.487,.498,,Amateur Draft,gloveko01
244,Zack Godley,26,ARI,74.2,27,9,54,6.51,4.53,-0.15,0.03,110.0,5.18,-10,-1.0,.91,-0.1,-0.4,-4,.463,.494,,Traded,godleza01
245,Erik Goeddel,27,NYM,35.2,36,0,20,5.05,4.55,0.03,-0.32,96.1,4.03,-4,-0.4,.72,0.0,-0.1,-1,.490,.498,,Amateur Draft,goedder01
246,David Goforth,27,MIL,10.2,10,0,14,11.81,4.53,0.20,-0.32,102.0,4.09,-9,-0.9,.23,0.3,-0.5,-8,.413,.495,,Amateur Draft,goforda01
247,Ryan Goins,28,TOR,1.0,1,0,0,0.00,4.53,0.41,-0.32,102.0,3.87,0,0.0,2.34,0.0,0.1,1,.546,.500,$520200,Amateur Draft,goinsry01
248,Jeanmar Gómez,28,PHI,68.2,70,0,38,4.98,4.46,-0.09,-0.32,99.2,4.20,-5,-0.5,1.67,-0.3,-0.2,0,.493,.497,$1400000,Free Agency,gomezje01
249,Chi Chi González,24,TEX,10.1,3,3,13,11.32,4.34,0.05,0.18,108.9,4.87,-7,-0.6,,0.0,-0.5,-6,.294,.496,,Amateur Draft,gonzach01
250,Gio Gonzalez*,30,WSN,177.1,32,32,98,4.97,4.35,0.07,0.18,101.7,4.53,-6,-0.6,,-0.1,0.8,7,.480,.496,$12000000,Traded,gonzagi01
251,Miguel González,32,CHW,135.0,24,23,61,4.07,4.57,0.00,0.18,97.1,4.61,8,0.9,.50,-0.1,2.1,22,.537,.505,,Free Agency,gonzami03
252,Severino González,23,PHI,35.1,27,0,22,5.60,4.55,-0.08,-0.32,99.8,4.30,-5,-0.5,.68,0.0,-0.2,-2,.482,.497,,Amateur Free Agent,gonzase01
253,Nick Goody,24,NYY,29.0,27,0,15,4.66,4.72,0.09,-0.34,104.8,4.50,0,-0.1,.44,-0.1,0.2,2,.498,.500,,Amateur Draft,goodyni01
254,Tom Gorzelanny*,33,CLE,3.0,7,0,7,21.00,4.59,0.24,-0.33,100.1,4.02,-6,-0.5,.98,0.0,-0.5,-5,.422,.497,,Free Agency,gorzeto01
255,Trevor Gott,23,WSN,6.0,9,0,1,1.50,4.27,0.08,-0.30,101.2,3.94,2,0.2,.90,0.0,0.2,2,.520,.501,,Traded,gotttr01
256,Matt Grace*,27,WSN,3.0,5,0,0,0.00,4.65,0.05,-0.33,99.2,4.23,1,0.2,.61,0.0,0.1,2,.531,.501,,Amateur Draft,gracema02
257,J.R. Graham,26,MIN,1.2,1,0,2,10.80,4.72,-0.42,-0.34,86.0,4.13,-1,-0.1,.32,0.0,-0.1,-1,.385,.499,,Rule 5 Draft,grahajr01
258,Kendall Graveman,25,OAK,186.0,31,31,87,4.21,4.63,-0.43,0.19,95.2,5.00,16,1.8,,-0.1,3.5,35,.558,.511,$512500,Traded,graveke01
259,Jon Gray,24,COL,168.0,29,29,92,4.93,4.45,0.13,0.19,113.8,5.13,6,0.6,,-0.1,2.0,19,.522,.504,$509500,Amateur Draft,grayjo02
260,Sonny Gray,26,OAK,117.0,22,22,80,6.15,4.59,-0.42,0.19,97.2,5.05,-14,-1.4,,-0.1,-0.3,-3,.436,.491,$527500,Amateur Draft,grayso01
261,Chad Green,25,NYY,45.2,12,8,26,5.12,4.55,0.09,0.08,102.0,4.63,-2,-0.3,.59,0.0,0.2,2,.479,.498,,Traded,greench03
262,Shane Greene,27,DET,60.1,50,3,39,5.82,4.50,-0.31,-0.21,102.1,4.70,-7,-0.8,1.45,-0.3,-0.4,-2,.485,.495,$517000,Traded,greensh02
263,Luke Gregerson,32,HOU,57.2,59,0,23,3.59,4.62,0.38,-0.33,91.9,3.59,0,0.0,1.64,-0.1,0.5,6,.500,.500,$6250000,Free Agency,gregelu01
264,Zack Greinke,32,ARI,158.2,26,26,80,4.54,4.49,-0.14,0.19,105.4,5.07,12,1.2,,-0.1,2.5,24,.548,.508,$34000000,Free Agency,greinza01
265,A.J. Griffin,28,TEX,119.0,23,23,68,5.14,4.59,0.03,0.18,107.0,5.08,-1,-0.1,,-0.1,1.0,11,.497,.500,,Free Agency,griffaj01
266,Jason Grilli,39,2TM,59.0,67,0,28,4.27,4.57,0.16,-0.33,100.9,4.12,-1,-0.1,1.42,-0.1,0.4,5,.499,.500,$3500000,Free Agency,grillja01
267,Justin Grimm,27,CHC,52.2,68,0,24,4.10,4.58,0.54,-0.32,98.8,3.67,-2,-0.2,.81,-0.1,0.2,2,.497,.499,$1275000,Traded,grimmju01
268,Robert Gsellman,22,NYM,44.2,8,7,12,2.42,4.12,0.03,0.13,95.4,4.03,9,1.0,1.91,0.0,1.4,12,.620,.506,,Amateur Draft,gsellro01
269,Mayckol Guaipe,25,SEA,7.1,5,0,6,7.36,4.66,0.06,-0.34,88.7,3.78,-3,-0.3,.36,0.1,-0.1,-2,.442,.498,,Free Agency,guaipma01
270,Deolis Guerra,27,LAA,53.1,44,0,23,3.88,4.63,0.23,-0.33,95.4,3.88,0,0.0,.84,-0.1,0.4,5,.500,.500,,Rule 5 Draft,guerrde01
271,Javy Guerra,30,LAA,6.1,7,0,4,5.68,4.92,0.20,-0.36,92.1,4.02,-1,-0.1,.59,0.0,-0.1,-1,.483,.499,,Free Agency,guerrja01
272,Junior Guerra,31,MIL,121.2,20,20,40,2.96,4.56,0.14,0.19,100.8,4.64,24,2.8,,-0.1,3.7,34,.638,.517,,Waivers,guerrju02
273,Tayron Guerrero,25,SDP,2.0,1,0,1,4.50,4.63,0.06,-0.33,90.0,3.82,0,0.0,.12,0.0,0.0,0,.487,.500,,Amateur Free Agent,guerrta01
274,Jason Gurka*,28,COL,9.2,6,0,10,9.31,4.62,0.18,-0.33,122.8,5.04,-4,-0.4,.79,0.0,-0.3,-4,.428,.497,$660000,Free Agency,gurkaja01
275,Jandel Gustave,23,HOU,15.1,14,0,6,3.52,4.71,0.40,-0.34,96.3,3.82,1,0.1,.46,-0.1,0.2,2,.504,.500,,Rule 5 returned,gustaja01
276,Jesse Hahn,26,OAK,46.1,9,9,32,6.22,4.50,-0.45,0.17,95.5,4.90,-7,-0.7,,0.0,-0.2,-2,.427,.496,,Traded,hahnje01
277,David Hale,28,COL,2.0,2,0,3,13.50,4.95,0.22,-0.35,100.7,4.42,-2,-0.2,.30,0.1,-0.1,-2,.405,.499,,Traded,haleda02
278,Cody Hall,28,MIA,3.0,2,0,4,12.00,4.37,0.04,-0.31,88.0,3.54,-3,-0.3,.52,0.1,-0.2,-3,.372,.498,,Waivers,hallco01
279,Cole Hamels*,32,TEX,200.2,32,32,83,3.72,4.58,0.03,0.18,107.0,5.07,30,3.3,,-0.1,5.2,50,.605,.521,$23500000,Traded,hamelco01
280,Jason Hammel,33,CHC,166.2,30,30,77,4.16,4.45,0.61,0.18,100.6,4.04,0,0.0,,-0.1,1.4,13,.500,.500,$9000000,Free Agency,hammeja01
281,Brad Hand*,26,SDP,89.1,82,0,32,3.22,4.51,0.03,-0.30,94.9,3.97,9,0.9,1.38,0.0,1.7,15,.511,.506,,Waivers,handbr01
282,J.A. Happ*,33,TOR,195.0,32,32,72,3.32,4.53,0.31,0.18,100.9,4.45,24,2.7,,-0.1,4.5,44,.584,.517,$10000000,Free Agency,happja01
283,Blaine Hardy*,29,DET,25.2,21,0,11,3.86,4.50,-0.35,-0.32,101.9,4.60,2,0.2,.54,-0.1,0.4,5,.511,.501,$520500,Free Agency,hardybl01
284,Lucas Harrell,31,2TM,47.0,9,9,24,4.60,4.58,0.00,0.17,103.5,4.91,2,0.2,,0.0,0.6,6,.525,.501,,Free Agency,harrelu01
285,Will Harris,31,HOU,64.0,66,0,17,2.39,4.60,0.41,-0.33,92.1,3.55,8,0.9,1.48,0.1,1.6,15,.513,.505,$525500,Waivers,harriwi10
286,Donnie Hart*,25,BAL,18.1,22,0,1,0.49,4.50,0.03,-0.32,101.2,4.19,8,0.8,.70,-0.2,0.8,9,.537,.505,,Amateur Draft,hartdo01
287,Matt Harvey,27,NYM,92.2,17,17,55,5.34,4.28,0.03,0.18,99.0,4.38,-9,-0.9,,-0.1,-0.1,-2,.449,.495,$4325000,Amateur Draft,harvema01
288,Chris Hatcher,31,LAD,40.2,37,0,26,5.75,4.44,0.30,-0.31,97.4,3.73,-9,-0.9,1.07,-0.1,-0.6,-6,.476,.495,$1065000,Traded,hatchch02
289,Steve Hathaway*,25,ARI,14.2,24,0,8,4.91,4.79,-0.13,-0.34,108.3,4.97,0,0.0,1.02,0.0,0.1,1,.501,.500,,Amateur Draft,hathast01
290,Drew Hayes,28,CIN,9.2,6,0,10,9.31,4.73,-0.01,-0.34,102.3,4.52,-5,-0.5,.91,0.0,-0.4,-4,.419,.497,,Amateur Draft,hayesdr01
291,Andrew Heaney*,25,LAA,6.0,1,1,4,6.00,5.25,0.22,0.21,90.0,4.72,-1,-0.1,,0.0,0.0,0,.418,.499,$515000,Traded,heanean01
292,Ben Heller,24,NYY,7.0,10,0,5,6.43,5.00,0.12,-0.36,104.3,4.71,-1,-0.1,1.23,0.0,-0.1,-1,.486,.499,,Traded,hellebe01
293,Jeremy Hellickson,29,PHI,189.0,32,32,86,4.10,4.41,-0.08,0.18,97.6,4.56,12,1.3,,-0.1,2.9,27,.541,.508,$7000000,Traded,hellije01
294,Heath Hembree,27,BOS,51.0,38,0,23,4.06,4.55,0.47,-0.33,106.0,3.98,0,0.0,.99,-0.1,0.4,5,.499,.500,,Traded,hembrhe01
295,Jim Henderson,33,NYM,35.0,44,0,17,4.37,4.39,0.03,-0.31,96.7,3.91,-1,-0.1,1.01,-0.1,0.1,1,.497,.499,$600000,Free Agency,hendeji01
296,Kyle Hendricks,26,CHC,190.0,31,30,53,2.51,4.41,0.58,0.18,100.2,4.02,34,3.9,.64,-0.2,5.4,49,.625,.524,$541000,Traded,hendrky01
297,Liam Hendriks,27,OAK,64.2,53,0,31,4.31,4.68,-0.38,-0.34,97.6,4.60,2,0.2,1.03,-0.2,0.7,8,.504,.501,$523400,Traded,hendrli01
298,David Hernandez,31,PHI,72.2,70,0,31,3.84,4.43,-0.08,-0.31,99.8,4.18,4,0.4,1.04,-0.2,0.9,9,.506,.502,$3900000,Free Agency,hernada01
299,Félix Hernández,30,SEA,153.1,25,25,76,4.46,4.52,0.06,0.18,94.9,4.41,-1,-0.1,,-0.1,1.3,14,.497,.499,$25857000,Amateur Free Agent,hernafe02
300,Roberto Hernandez,35,ATL,9.0,2,2,8,8.00,4.48,-0.03,0.19,98.4,4.62,-3,-0.3,,0.0,-0.2,-3,.353,.498,,Free Agency,carmofa01
301,Kelvin Herrera,26,KCR,72.0,72,0,23,2.88,4.56,0.08,-0.33,101.2,4.20,11,1.1,1.57,0.1,2.0,18,.516,.507,$2550000,Amateur Free Agent,herreke01
302,Frank Herrmann,32,PHI,15.0,14,0,16,9.60,4.48,-0.09,-0.32,97.8,4.15,-9,-0.9,.81,0.0,-0.7,-8,.438,.495,,Free Agency,herrmfr01
303,Keith Hessler*,27,2TM,21.2,17,0,10,4.15,4.64,0.02,-0.33,99.4,4.27,1,0.1,.26,-0.1,0.2,2,.504,.501,,Amateur Free Agent,hesslke01
304,Chris Heston,28,SFG,5.0,4,0,6,10.80,4.56,0.53,-0.32,118.2,4.38,-3,-0.3,1.50,-0.1,-0.4,-3,.416,.498,$530000,Amateur Draft,hestoch01
305,Rich Hill*,36,2TM,110.1,20,20,29,2.37,4.61,-0.14,0.19,94.9,4.68,29,3.3,,-0.1,4.3,39,.666,.512,$6000000,Traded,hillri01
306,Dalier Hinojosa,30,PHI,11.0,10,0,4,3.27,4.40,-0.08,-0.31,101.5,4.24,1,0.1,1.02,0.0,0.2,2,.514,.501,$514000,Waivers,hinojda01
307,Luke Hochevar,32,KCR,37.1,40,0,17,4.10,4.62,0.09,-0.33,100.7,4.23,1,0.1,1.41,-0.1,0.4,4,.502,.500,$5500000,Free Agency,hochelu01
308,Jeff Hoffman,23,COL,31.1,8,6,29,8.33,4.55,0.17,0.12,114.2,5.15,-11,-1.0,.15,0.0,-0.7,-8,.377,.494,,Traded,hoffmje02
309,Bryan Holaday,28,2TM,1.1,1,0,0,0.00,4.50,0.03,-0.32,100.0,4.14,1,0.1,.00,0.0,0.0,1,.567,.500,$519000,Waivers,holadbr01
310,Jonathan Holder,23,NYY,8.1,8,0,5,5.40,4.57,0.10,-0.33,103.6,4.29,-1,-0.1,.84,0.0,0.0,0,.487,.499,,Amateur Draft,holdejo02
311,Derek Holland*,29,TEX,107.1,22,20,62,5.20,4.64,0.03,0.18,104.8,5.01,-2,-0.2,.17,-0.1,0.8,8,.490,.499,$10000000,Amateur Draft,hollade01
312,Tyler Holt,27,CIN,1.0,1,0,0,0.00,4.68,-0.01,-0.33,104.0,4.53,1,0.1,.00,0.0,0.0,1,.556,.500,$507500,Waivers,holtty01
313,J.J. Hoover,28,CIN,18.2,18,0,29,13.98,4.54,-0.01,-0.32,100.9,4.27,-20,-1.9,.79,0.2,-1.6,-18,.395,.488,$1400000,Traded,hoovejj01
314,T.J. House*,26,CLE,2.2,4,0,1,3.38,4.53,0.33,-0.33,114.0,4.41,0,0.0,.52,0.0,0.1,1,.508,.500,,Amateur Draft,housetj01
315,J.P. Howell*,33,LAD,50.2,64,0,23,4.09,4.63,0.33,-0.33,98.3,3.91,0,0.0,.64,-0.1,0.3,4,.500,.500,$6250000,Free Agency,howeljp01
316,Jared Hoying,27,TEX,1.0,1,0,1,9.00,4.49,0.05,-0.32,116.0,4.78,0,0.0,.00,0.0,0.0,0,.453,.500,,Free Agency,hoyinja01
317,James Hoyt,29,HOU,22.0,22,0,12,4.91,4.71,0.38,-0.34,94.2,3.76,-3,-0.3,.71,0.0,-0.1,-1,.487,.498,,Traded,hoytja01
318,Daniel Hudson,29,ARI,60.1,70,0,40,5.97,4.54,-0.14,-0.32,108.2,4.71,-8,-0.8,1.33,-0.3,-0.5,-3,.489,.495,$2700000,Free Agency,hudsoda01
319,David Huff*,31,LAA,5.1,2,2,10,16.88,4.28,0.36,0.17,98.8,4.04,-8,-0.6,,0.0,-0.5,-7,.220,.497,,Free Agency,huffda01
320,Jared Hughes,30,PIT,59.1,67,0,24,3.64,4.60,-0.03,-0.33,98.4,4.23,5,0.5,.81,-0.2,0.9,9,.507,.503,$2175000,Amateur Draft,hugheja02
321,Phil Hughes,30,MIN,59.0,12,11,40,6.10,4.56,-0.42,0.17,99.4,5.12,-6,-0.6,.02,0.0,-0.1,-1,.447,.496,$9200000,Free Agency,hugheph01
322,Tommy Hunter,29,2TM,34.0,33,0,13,3.44,4.53,0.16,-0.33,104.2,4.21,3,0.3,.83,-0.1,0.6,6,.509,.501,$2000000,Free Agency,hunteto02
323,Jason Hursh,24,ATL,1.1,2,0,5,33.75,4.49,-0.04,-0.32,101.3,4.27,-4,-0.4,.08,0.2,-0.2,-4,.313,.498,,Amateur Draft,hurshja01
324,Drew Hutchison,25,2TM,24.0,9,3,14,5.25,4.45,0.15,0.01,100.6,4.34,-2,-0.2,.46,0.0,0.0,0,.474,.499,$2200000,Traded,hutchdr01
325,Raisel Iglesias,26,CIN,78.1,37,5,22,2.53,4.50,-0.01,-0.14,101.1,4.43,18,1.9,1.35,0.1,2.7,23,.551,.512,$3214286,Amateur Free Agent,iglesra01
326,Hisashi Iwakuma,35,SEA,199.0,33,33,95,4.30,4.60,0.06,0.19,96.3,4.56,6,0.6,,-0.1,2.4,25,.519,.504,$11000000,Free Agency,iwakuhi01
327,Edwin Jackson,32,2TM,84.0,21,13,56,6.00,4.54,0.04,0.13,96.2,4.45,-13,-1.3,.97,-0.1,-0.6,-7,.438,.495,$507500,Free Agency,jacksed01
328,Luke Jackson,24,TEX,11.2,8,0,14,10.80,4.67,0.04,-0.34,107.1,4.59,-8,-0.8,.98,0.0,-0.7,-7,.404,.495,,Amateur Draft,jackslu01
329,Kenley Jansen,28,LAD,68.2,71,0,14,1.83,4.50,0.21,-0.32,97.4,3.87,16,1.7,1.64,0.4,2.8,22,.525,.511,$10650000,Amateur Free Agent,janseke01
330,Jeremy Jeffress,28,2TM,58.0,59,0,17,2.64,4.45,0.13,-0.32,103.2,4.14,10,1.1,1.51,0.1,1.8,15,.518,.504,$519100,Free Agency,jeffrje01
331,Tyrell Jenkins,23,ATL,52.0,14,8,35,6.06,4.25,-0.03,0.10,103.1,4.52,-8,-0.8,.48,0.0,-0.4,-4,.442,.495,,Traded,jenkity01
332,Dan Jennings*,29,CHW,60.2,64,0,18,2.67,4.67,0.00,-0.34,96.8,4.19,10,1.1,1.08,-0.1,1.6,16,.517,.507,$810000,Traded,jennida01
333,Kevin Jepsen,31,2TM,49.2,58,0,35,6.34,4.63,-0.20,-0.33,97.7,4.39,-11,-1.1,1.29,-0.3,-0.9,-6,.481,.497,$5312500,Traded,jepseke01
334,Ubaldo Jiménez,32,BAL,142.1,29,25,93,5.88,4.61,0.03,0.14,101.0,4.76,-18,-1.7,.49,-0.1,-0.4,-4,.440,.489,$13000000,Free Agency,jimenub01
335,Erik Johnson,26,2TM,31.1,6,6,29,8.33,4.62,0.04,0.19,99.5,4.74,-12,-1.1,,0.0,-0.8,-10,.324,.496,,Amateur Draft,johnser04
336,Jim Johnson,33,ATL,64.2,65,0,23,3.20,4.46,-0.02,-0.32,98.7,4.11,7,0.8,1.56,0.1,1.4,12,.512,.505,$2500000,Free Agency,johnsji04
337,Steve Johnson,28,SEA,16.2,16,0,8,4.32,4.56,0.05,-0.33,94.6,3.95,-1,-0.1,.65,0.0,0.1,1,.496,.500,,Free Agency,johnsst02
338,Nate Jones,30,CHW,70.2,71,0,20,2.55,4.57,0.00,-0.33,96.8,4.10,12,1.3,1.70,0.3,2.3,19,.518,.508,$900000,Amateur Draft,jonesna01
339,Taylor Jungmann,26,MIL,26.2,8,6,24,8.10,4.60,0.17,0.15,100.9,4.63,-10,-0.9,.09,0.0,-0.7,-8,.384,.494,$518500,Amateur Draft,jungmta01
340,Tommy Kahnle,26,CHW,27.1,29,0,8,2.63,4.60,0.00,-0.33,96.9,4.14,5,0.5,.91,-0.1,0.7,7,.517,.503,,Traded,kahnlto01
341,Nate Karns,28,SEA,94.1,22,15,55,5.25,4.57,0.05,0.11,96.2,4.45,-8,-0.8,.33,0.0,0.1,1,.462,.495,$523700,Traded,karnsna01
342,Scott Kazmir*,32,LAD,136.1,26,26,71,4.69,4.49,0.31,0.19,94.9,4.15,-6,-0.6,,-0.1,0.5,4,.475,.496,$12666667,Free Agency,kazmisc01
343,Keone Kela,23,TEX,34.0,35,0,23,6.09,4.56,0.03,-0.33,106.9,4.49,-6,-0.6,1.18,-0.1,-0.4,-3,.482,.496,$518000,Amateur Draft,kelake01
344,Shawn Kelley,32,WSN,58.0,67,0,19,2.95,4.47,0.06,-0.32,102.0,4.18,9,0.9,1.32,0.0,1.5,13,.514,.506,$4000000,Free Agency,kellesh01
345,Casey Kelly,26,ATL,21.2,10,1,14,5.82,4.24,-0.03,-0.19,97.5,3.98,-4,-0.4,1.37,-0.1,-0.3,-2,.459,.497,,Traded,kellyca01
346,Joe Kelly,28,BOS,40.0,20,6,23,5.18,4.48,0.43,-0.04,104.7,4.20,-4,-0.4,1.55,-0.1,-0.1,0,.478,.497,$2600000,Traded,kellyjo05
347,Ian Kennedy,31,KCR,195.2,33,33,81,3.73,4.56,0.09,0.18,102.5,4.77,23,2.5,,-0.1,4.3,42,.575,.515,$7500000,Free Agency,kenneia01
348,Logan Kensing,33,DET,4.2,3,0,1,1.93,4.44,-0.43,-0.32,98.7,4.49,1,0.1,.12,-0.1,0.1,2,.548,.501,,Free Agency,kensilo01
349,Clayton Kershaw*,28,LAD,149.0,21,21,31,1.87,4.46,0.26,0.19,94.4,4.15,40,4.6,,-0.1,5.8,51,.721,.529,$34571429,Amateur Draft,kershcl01
350,Dallas Keuchel*,28,HOU,168.0,26,26,88,4.71,4.57,0.47,0.18,94.3,4.04,-12,-1.2,,-0.1,0.3,4,.452,.492,$7250000,Amateur Draft,keuchda01
351,Dean Kiekhefer*,27,STL,22.0,26,0,13,5.32,4.69,-0.14,-0.33,99.2,4.46,-2,-0.2,.35,0.0,0.0,0,.493,.499,,Amateur Draft,kiekhde01
352,Craig Kimbrel,28,BOS,53.0,57,0,22,3.74,4.58,0.29,-0.33,106.1,4.20,3,0.3,1.80,0.0,0.8,8,.505,.502,$11250000,Traded,kimbrcr01
353,Brandon Kintzler,31,MIN,54.1,54,0,22,3.64,4.52,-0.39,-0.33,100.6,4.61,6,0.6,1.25,-0.1,1.1,11,.511,.504,,Free Agency,kintzbr01
354,Michael Kirkman*,29,2TM,2.1,2,0,5,19.29,4.51,0.13,-0.32,90.3,3.67,-4,-0.3,1.80,-0.3,-0.6,-4,.340,.499,,Waivers,kirkmmi01
355,Phil Klein,27,2TM,19.1,12,2,15,6.98,4.52,-0.04,-0.09,99.5,4.45,-5,-0.5,.61,0.0,-0.3,-4,.458,.499,$509500,Waivers,kleinph01
356,Corey Kluber,30,CLE,215.0,32,32,82,3.43,4.49,0.21,0.18,107.5,4.80,33,3.7,,-0.1,5.6,54,.615,.523,$4700000,Traded,klubeco01
357,Corey Knebel,24,MIL,32.2,35,0,20,5.51,4.65,0.14,-0.33,103.8,4.34,-4,-0.4,1.32,-0.1,-0.2,-1,.489,.498,$513000,Traded,knebeco01
358,Matt Koch,25,ARI,18.0,7,2,4,2.00,4.63,-0.13,-0.01,110.7,5.26,7,0.8,1.43,0.0,1.0,8,.608,.505,,Traded,kochma01
359,Tom Koehler,30,MIA,176.2,33,33,93,4.74,4.35,0.03,0.18,94.2,4.24,-7,-0.8,,-0.1,0.7,6,.477,.495,$3500000,Amateur Draft,koehlto01
360,George Kontos,31,SFG,53.1,57,0,19,3.21,4.60,0.40,-0.33,98.0,3.79,4,0.4,1.01,-0.1,0.8,8,.508,.503,$1150000,Traded,kontoge01
361,Erik Kratz,36,2TM,2.0,2,0,2,9.00,4.76,0.45,-0.34,95.0,3.78,-1,-0.1,.00,0.0,0.0,-1,.453,.500,$850000,Traded,kratzer01
362,Ian Krol*,25,ATL,51.0,63,0,19,3.35,4.46,-0.02,-0.32,99.0,4.12,5,0.5,1.29,0.0,1.0,9,.508,.503,,Traded,krolia01
363,Chad Kuhl,23,PIT,70.2,14,14,34,4.33,4.47,-0.03,0.17,98.5,4.60,3,0.3,,-0.1,0.9,8,.523,.502,,Amateur Draft,kuhlch01
364,John Lackey,37,CHC,188.1,29,29,74,3.54,4.42,0.57,0.18,99.3,4.01,12,1.3,,-0.1,2.9,27,.546,.508,$16000000,Free Agency,lackejo01
365,Tyler Ladendorf,28,OAK,1.0,1,0,0,0.00,4.73,-0.52,-0.34,86.0,4.22,0,0.1,.00,0.0,0.0,1,.551,.500,,Traded,ladenty01
366,Ryan LaMarre*,27,BOS,1.0,1,0,0,0.00,4.74,0.75,-0.34,112.0,4.10,0,0.0,.00,0.0,0.0,1,.549,.500,,Free Agency,lamarry01
367,John Lamb*,25,CIN,70.0,14,14,54,6.94,4.54,-0.01,0.17,104.7,4.95,-15,-1.4,,-0.1,-0.8,-9,.401,.491,$507500,Traded,lambjo02
368,Mat Latos,28,2TM,70.0,17,12,40,5.14,4.52,0.01,0.15,96.7,4.50,-5,-0.5,1.16,-0.1,0.1,2,.471,.498,$3000000,Free Agency,latosma01
369,Derek Law,25,SFG,55.0,61,0,13,2.13,4.50,0.38,-0.32,94.5,3.60,10,1.0,1.07,-0.1,1.4,14,.517,.506,,Amateur Draft,lawde01
370,Tommy Layne*,31,2TM,44.2,63,0,18,3.63,4.79,0.30,-0.35,107.2,4.44,4,0.4,.92,-0.1,0.8,8,.507,.501,$563750,Free Agency,layneto01
371,Mike Leake,28,STL,176.2,30,30,101,5.15,4.49,-0.14,0.19,96.0,4.62,-8,-0.8,,-0.1,0.6,5,.473,.495,$12000000,Free Agency,leakemi01
372,Wade LeBlanc*,31,2TM,62.0,19,8,30,4.35,4.58,0.04,0.04,93.8,4.30,0,0.0,.63,-0.1,0.5,6,.499,.500,,Traded,leblawa01
373,José Leclerc,22,TEX,15.0,12,0,4,2.40,4.67,0.03,-0.34,107.5,4.62,4,0.4,.32,-0.2,0.4,5,.533,.502,,Amateur Free Agent,leclejo01
374,Arnold Leon,27,TOR,2.1,2,0,2,7.71,5.16,0.37,-0.37,99.8,4.41,-1,-0.1,2.87,-0.1,-0.2,-1,.457,.499,$510500,Purchased,leonar01
375,Dominic Leone,24,ARI,27.0,25,0,21,7.00,4.60,-0.16,-0.33,107.2,4.75,-6,-0.7,.52,0.1,-0.3,-4,.474,.496,,Traded,leonedo01
376,Jon Lester*,32,CHC,202.2,32,32,57,2.53,4.45,0.56,0.18,98.0,3.99,36,4.0,,-0.2,5.6,51,.625,.525,$25000000,Free Agency,lestejo01
377,Colby Lewis,36,TEX,116.1,19,19,53,4.10,4.59,0.03,0.18,106.4,5.05,12,1.3,,-0.1,2.4,24,.571,.508,$6000000,Free Agency,lewisco01
378,Adam Liberatore*,29,LAD,42.2,58,0,16,3.38,4.63,0.27,-0.33,96.7,3.89,3,0.3,1.23,-0.1,0.7,6,.506,.502,,Traded,liberad01
379,Pat Light,25,2TM,16.2,17,0,22,11.88,4.64,-0.18,-0.33,101.8,4.55,-14,-1.2,.68,0.3,-0.7,-12,.430,.496,,Amateur Draft,lightpa01
380,Tim Lincecum,32,LAA,38.1,9,9,41,9.63,4.60,0.27,0.19,92.3,4.17,-23,-1.9,,0.0,-1.6,-19,.287,.488,$2500000,Free Agency,linceti01
381,Francisco Liriano*,32,2TM,163.0,31,29,98,5.41,4.54,0.07,0.18,100.6,4.68,-12,-1.1,.31,-0.1,0.2,2,.463,.495,$13666667,Free Agency,liriafr01
382,Kyle Lobstein*,26,PIT,25.0,14,0,11,3.96,4.73,-0.03,-0.33,106.0,4.68,2,0.2,.92,-0.1,0.4,4,.518,.502,$520000,Purchased,lobstky01
383,Jeff Locke*,28,PIT,127.1,30,19,81,5.73,4.50,-0.03,0.11,100.0,4.65,-14,-1.4,.73,-0.1,-0.3,-4,.455,.492,$3025000,Traded,lockeje01
384,Adam Loewen*,32,ARI,6.0,8,0,10,15.00,4.59,-0.15,-0.33,109.2,4.83,-7,-0.6,.64,0.1,-0.5,-6,.419,.496,,Free Agency,loewead01
385,Boone Logan*,31,COL,46.1,66,0,23,4.47,4.56,0.11,-0.32,115.0,4.74,2,0.2,1.47,-0.1,0.6,6,.503,.501,$6250000,Free Agency,loganbo02
386,Kyle Lohse,37,TEX,9.1,2,2,13,12.54,4.61,0.04,0.19,104.1,4.94,-8,-0.6,,0.0,-0.5,-7,.214,.496,,Free Agency,lohseky01
387,Javier López*,38,SFG,26.2,68,0,13,4.39,5.22,0.43,-0.37,98.0,4.33,0,0.0,1.63,-0.1,0.2,2,.500,.500,$5000000,Free Agency,lopezja02
388,Reynaldo López,22,WSN,44.0,11,6,27,5.52,4.35,0.08,0.02,99.9,4.29,-5,-0.5,.54,0.0,-0.2,-2,.451,.497,,Amateur Free Agent,lopezre01
389,Michael Lorenzen,24,CIN,50.0,35,0,16,2.88,4.60,-0.01,-0.33,100.5,4.30,9,0.9,1.06,-0.1,1.3,12,.526,.506,$516500,Amateur Draft,lorenmi01
390,Aaron Loup*,28,TOR,14.1,21,0,8,5.02,4.82,0.30,-0.35,100.8,4.21,-1,-0.1,.69,0.0,0.0,0,.494,.499,$1050000,Amateur Draft,loupaa01
391,Mark Lowe,33,DET,49.1,54,0,41,7.48,4.54,-0.34,-0.33,100.2,4.56,-16,-1.6,.66,0.2,-1.0,-11,.470,.490,$5500000,Free Agency,lowema01
392,Cory Luebke*,31,PIT,8.2,9,0,9,9.35,4.77,-0.03,-0.34,101.5,4.53,-5,-0.5,.39,0.1,-0.3,-4,.450,.497,$1000000,Free Agency,luebkco01
393,Seth Lugo,26,NYM,64.0,17,8,19,2.67,4.42,0.03,0.05,93.6,4.16,11,1.2,.54,-0.2,1.7,16,.574,.508,,Amateur Draft,lugose01
394,Jordan Lyles,25,COL,58.2,40,5,46,7.06,4.43,0.17,-0.14,119.2,4.90,-13,-1.3,1.02,-0.1,-0.9,-9,.466,.492,$2975000,Traded,lylesjo01
395,Tyler Lyons*,28,STL,48.0,30,0,18,3.38,4.57,-0.11,-0.32,96.2,4.19,5,0.5,.72,-0.2,0.8,9,.518,.503,$512500,Amateur Draft,lyonsty01
396,Ryan Madson,35,OAK,64.2,63,0,27,3.76,4.64,-0.40,-0.34,95.8,4.51,5,0.6,1.84,0.1,1.3,12,.509,.504,$6666667,Free Agency,madsory01
397,Kenta Maeda,28,LAD,175.2,32,32,72,3.69,4.41,0.29,0.18,98.5,4.24,13,1.4,,-0.1,2.8,26,.544,.509,$3125000,Free Agency,maedake01
398,Matt Magill,26,CIN,4.1,5,0,3,6.23,4.88,-0.01,-0.34,99.8,4.54,-1,-0.1,.30,0.0,0.0,0,.484,.500,,Free Agency,magilma01
399,Damien Magnifico,25,MIL,3.0,3,0,2,6.00,4.97,0.19,-0.35,98.0,4.34,-1,-0.1,.05,0.0,0.0,0,.483,.500,,Amateur Draft,magnida01
400,Greg Mahle*,23,LAA,18.1,24,0,13,6.38,4.70,0.23,-0.34,99.3,4.10,-5,-0.5,.87,0.0,-0.3,-3,.480,.497,,Amateur Draft,mahlegr01
401,Sean Manaea*,24,OAK,144.2,25,24,65,4.04,4.63,-0.38,0.17,96.6,5.01,16,1.7,.82,-0.1,3.0,30,.568,.510,,Traded,manaese01
402,Seth Maness,27,STL,31.2,29,0,14,3.98,4.48,-0.14,-0.32,96.8,4.17,1,0.1,.59,-0.1,0.3,3,.504,.501,$1400000,Amateur Draft,manesse01
403,Jeff Manship,31,CLE,43.1,53,0,20,4.15,4.64,0.24,-0.34,106.3,4.32,1,0.1,1.02,-0.1,0.4,5,.502,.501,$760000,Free Agency,manshje01
404,Joe Mantiply*,25,DET,2.2,5,0,5,16.88,4.97,-0.50,-0.36,105.9,5.42,-3,-0.3,.06,0.1,-0.2,-3,.433,.498,,Amateur Draft,mantijo01
405,Jhan Mariñez,27,2TM,62.1,46,0,25,3.61,4.58,0.16,-0.33,100.4,4.12,4,0.5,.65,-0.2,0.8,9,.510,.502,,Purchased,marinjh01
406,Michael Mariot,27,PHI,21.2,25,0,14,5.82,4.47,-0.07,-0.32,97.8,4.13,-4,-0.4,1.15,-0.1,-0.3,-2,.485,.498,$512500,Waivers,mariomi01
407,Justin Marks*,28,TBR,9.0,4,0,1,1.00,4.52,0.13,-0.33,95.9,3.90,3,0.3,.48,-0.1,0.3,4,.580,.502,,Free Agency,marksju01
408,Matt Marksberry*,25,ATL,3.1,4,0,2,5.40,4.04,-0.03,-0.29,98.0,3.71,-1,-0.1,.18,0.0,0.0,0,.485,.500,,Amateur Draft,marksma01
409,Germán Márquez,21,COL,20.2,6,3,12,5.23,4.48,0.17,0.06,115.4,5.03,0,0.0,.22,0.0,0.2,1,.497,.500,,Traded,marquge01
410,Evan Marshall,26,ARI,15.1,15,0,18,10.57,4.52,-0.18,-0.32,105.2,4.60,-10,-1.0,.67,0.1,-0.7,-9,.435,.494,,Amateur Draft,marshev01
411,Kelvin Marte*,28,PIT,3.1,2,0,5,13.50,4.06,-0.03,-0.29,98.0,3.73,-4,-0.3,.32,0.1,-0.2,-3,.341,.498,,Free Agency,marteke02
412,Cody Martin,26,SEA,25.2,9,2,11,3.86,4.56,0.06,-0.13,95.1,4.16,1,0.1,.92,0.0,0.3,3,.510,.501,,Waivers,martico01
413,Rafael Martín,32,WSN,3.2,8,0,1,2.45,4.78,0.04,-0.34,101.0,4.45,1,0.1,.39,0.0,0.1,1,.511,.501,,Free Agency,martira04
414,Carlos Martinez,24,STL,195.1,31,31,68,3.13,4.50,-0.12,0.19,97.1,4.67,36,4.1,,-0.1,5.6,51,.631,.525,$539000,Free Agency,martica04
415,Nick Martinez,25,TEX,38.2,12,5,24,5.59,4.70,0.04,-0.02,105.7,4.91,-3,-0.3,.83,0.0,0.1,1,.476,.498,$519190,Amateur Draft,martini01
416,Brian Matusz*,29,2TM,9.0,8,1,14,14.00,4.59,0.34,-0.15,101.0,4.14,-10,-0.8,.66,0.1,-0.7,-9,.397,.497,,Amateur Draft,matusbr01
417,Steven Matz*,25,NYM,132.1,22,22,53,3.60,4.40,0.03,0.18,95.8,4.36,13,1.4,,-0.1,2.5,23,.564,.509,$515750,Amateur Draft,matzst01
418,Brandon Maurer,25,SDP,69.2,71,0,37,4.78,4.51,0.04,-0.32,95.6,3.97,-5,-0.6,1.29,-0.2,-0.2,0,.492,.497,$526400,Traded,maurebr01
419,Trevor May,26,MIN,42.2,44,0,26,5.48,4.65,-0.30,-0.34,102.4,4.73,-4,-0.4,1.15,-0.1,-0.1,1,.492,.498,$545000,Traded,maytr01
420,Mike Mayers,24,STL,5.1,4,1,16,27.00,4.46,-0.23,-0.19,94.3,4.24,-13,-1.0,.40,0.2,-0.8,-13,.242,.494,,Amateur Draft,mayermi01
421,Vin Mazzaro,29,SFG,1.0,2,0,9,81.00,4.51,1.48,-0.32,94.8,2.57,-9,-0.6,.51,0.1,-0.5,-9,.195,.496,,Free Agency,mazzavi01
422,Zach McAllister,28,CLE,52.1,53,2,21,3.61,4.61,0.23,-0.30,107.8,4.39,5,0.5,1.06,-0.1,0.9,10,.509,.503,$1300000,Traded,mcallza01
423,Brandon McCarthy,32,LAD,40.0,10,9,24,5.40,4.62,0.26,0.19,98.5,4.48,-4,-0.4,1.57,0.0,0.0,-1,.464,.498,$12500000,Free Agency,mccarbr01
424,Kevin McCarthy,24,KCR,8.1,10,0,8,8.64,4.50,0.12,-0.33,104.1,4.22,-4,-0.4,1.13,0.0,-0.4,-3,.459,.497,,Amateur Draft,mccarke01
425,Lance McCullers Jr.,22,HOU,81.0,14,14,29,3.22,4.59,0.39,0.19,90.2,3.96,7,0.7,,-0.1,1.5,15,.552,.504,$516700,Amateur Draft,mcculla02
426,T.J. McFarland*,27,BAL,24.2,16,0,19,6.93,4.42,0.04,-0.22,104.3,4.34,-7,-0.7,.77,0.0,-0.4,-5,.456,.496,$523500,Rule 5 Draft,mcfartj01
427,Jake McGee*,29,COL,45.2,57,0,25,4.93,4.58,0.16,-0.32,116.8,4.78,0,0.0,1.03,-0.1,0.3,3,.500,.500,$4800000,Traded,mcgeeja01
428,Dustin McGowan,34,MIA,67.0,55,0,26,3.49,4.42,0.03,-0.31,94.1,3.84,3,0.4,.74,-0.2,0.8,9,.507,.502,$1000000,Free Agency,mcgowdu01
429,Collin McHugh,29,HOU,184.2,33,33,92,4.48,4.64,0.47,0.19,93.4,4.07,-8,-0.9,,-0.1,0.9,10,.474,.495,$529000,Waivers,mchugco01
430,Kris Medlen,30,KCR,24.1,6,6,25,9.25,4.55,0.11,0.18,96.4,4.46,-13,-1.1,,0.0,-0.9,-11,.315,.493,$5500000,Free Agency,medlekr01
431,Adalberto Mejía*,23,MIN,2.1,1,0,2,7.71,4.23,-0.60,-0.30,104.0,4.71,-1,-0.1,.02,0.0,0.0,-1,.424,.500,,Traded,mejiaad01
432,Mark Melancon,31,2TM,71.1,75,0,16,2.02,4.41,0.01,-0.31,101.3,4.13,18,1.9,1.50,0.3,2.8,23,.525,.506,$9650000,Traded,melanma01
433,Tim Melville,26,CIN,9.0,3,2,12,12.00,4.75,-0.02,0.08,100.3,4.85,-7,-0.6,.20,0.0,-0.5,-6,.302,.496,,Free Agency,melviti01
434,Yohander Méndez*,21,TEX,3.0,2,0,6,18.00,4.44,0.05,-0.32,103.3,4.21,-5,-0.4,.31,0.1,-0.2,-4,.305,.498,,Amateur Free Agent,mendeyo01
435,Daniel Mengden,23,OAK,72.0,14,14,54,6.75,4.61,-0.40,0.19,96.2,5.01,-14,-1.3,,0.0,-0.7,-7,.405,.492,,Traded,mengdda01
436,Ryan Merritt*,24,CLE,11.0,4,1,2,1.64,4.42,0.22,-0.09,107.0,4.39,3,0.4,.06,-0.1,0.4,4,.593,.502,,Amateur Draft,merriry01
437,Alex Meyer,26,2TM,25.1,7,6,16,5.68,4.55,0.10,0.16,89.9,4.16,-4,-0.4,.12,0.0,-0.1,-2,.442,.499,,Traded,meyeral01
438,Wade Miley*,29,2TM,166.0,30,30,100,5.42,4.53,0.05,0.18,98.1,4.57,-16,-1.5,,-0.1,0.0,1,.449,.496,$6167000,Traded,mileywa01
439,Andrew Miller*,31,2TM,74.1,70,0,13,1.57,4.57,0.09,-0.33,105.7,4.38,23,2.5,1.58,0.5,3.8,31,.535,.508,$9000000,Traded,millean01
440,Justin Miller,29,COL,42.2,40,0,27,5.70,4.59,0.14,-0.32,114.9,4.73,-4,-0.4,.56,0.0,0.0,-1,.490,.497,$509500,Free Agency,milleju02
441,Shelby Miller,25,ARI,101.0,20,20,72,6.42,4.50,-0.15,0.18,108.3,5.23,-12,-1.2,,-0.1,-0.4,-4,.441,.493,$4350000,Traded,millesh01
442,Alec Mills,24,KCR,3.1,3,0,5,13.50,4.43,0.09,-0.32,104.0,4.18,-3,-0.3,.09,0.1,-0.2,-3,.392,.498,,Amateur Draft,millsal02
443,Tommy Milone*,29,MIN,69.1,19,12,53,6.88,4.55,-0.40,0.11,102.3,5.18,-13,-1.3,.76,0.0,-0.6,-6,.433,.492,$4500000,Traded,milonto01
444,Juan Minaya,25,CHW,10.1,11,0,6,5.23,4.37,0.00,-0.32,99.1,4.02,-1,-0.1,.54,0.0,0.0,0,.487,.499,,Waivers,minayju01
445,Aríel Miranda*,27,2TM,58.0,12,10,28,4.34,4.66,0.05,0.16,92.2,4.39,0,0.1,1.40,0.0,0.7,6,.506,.501,,Amateur Free Agent,miranar01
446,Bryan Mitchell,25,NYY,25.0,5,5,13,4.68,4.90,0.10,0.20,105.0,5.24,2,0.2,,0.0,0.4,4,.534,.501,$516650,Amateur Draft,mitchbr01
447,Dustin Molleken,31,DET,8.1,4,0,4,4.32,4.46,-0.38,-0.32,104.9,4.74,0,0.0,.81,0.0,0.1,1,.510,.500,,Free Agency,molledu01
448,Miguel Montero,32,CHC,1.1,1,0,1,6.75,4.37,1.24,-0.31,92.0,2.59,-1,-0.1,.00,0.0,0.0,0,.441,.500,$14000000,Traded,montemi01
449,Rafael Montero,25,NYM,19.0,9,3,17,8.05,4.26,0.03,-0.02,98.2,4.12,-8,-0.8,.27,0.1,-0.5,-7,.414,.495,,Amateur Free Agent,montera01
450,Mike Montgomery*,26,2TM,100.0,49,7,33,2.97,4.52,0.25,-0.14,98.5,4.06,13,1.3,.85,-0.2,2.1,22,.528,.505,$515000,Traded,montgmi01
451,Matt Moore*,27,2TM,198.1,33,33,93,4.22,4.55,0.22,0.19,95.4,4.31,3,0.3,,-0.1,2.1,21,.509,.501,$5000000,Traded,moorema02
452,Franklin Morales*,30,TOR,4.0,5,0,4,9.00,4.73,0.32,-0.34,100.5,4.09,-2,-0.2,.78,0.0,-0.2,-2,.456,.499,$2000000,Free Agency,moralfr01
453,Adam Morgan*,26,PHI,113.1,23,21,81,6.43,4.47,-0.09,0.17,100.3,4.75,-20,-1.9,.26,-0.1,-1.0,-11,.417,.488,,Amateur Draft,morgaad01
454,Shawn Morimando*,23,CLE,4.2,2,0,6,11.57,4.41,0.29,-0.32,102.7,3.91,-4,-0.3,.50,0.1,-0.2,-4,.327,.498,,Amateur Draft,morimsh01
455,Mike Morin,25,LAA,55.2,60,0,31,5.01,4.57,0.21,-0.33,94.3,3.80,-7,-0.8,1.06,-0.2,-0.4,-2,.487,.495,$520000,Amateur Draft,morinmi01
456,A.J. Morris,29,CIN,10.0,7,0,7,6.30,4.34,-0.01,-0.31,106.5,4.31,-2,-0.2,.40,0.0,-0.1,-1,.470,.499,,Free Agency,morriaj01
457,Bryan Morris,29,MIA,17.2,24,0,7,3.57,4.49,0.03,-0.32,93.8,3.88,1,0.1,1.28,0.0,0.2,2,.504,.501,$1350000,Traded,morribr01
458,Brandon Morrow,31,SDP,16.0,18,0,4,2.25,4.50,0.05,-0.32,95.9,3.96,3,0.3,.83,-0.1,0.4,4,.519,.502,,Free Agency,morrobr01
459,Charlie Morton,32,PHI,17.1,4,4,8,4.15,4.50,-0.07,0.19,101.4,4.82,2,0.2,,0.0,0.3,3,.541,.501,$8000000,Traded,mortoch02
460,Jon Moscot,24,CIN,21.1,5,5,22,9.28,4.70,-0.02,0.20,102.4,5.02,-10,-0.9,,0.0,-0.7,-8,.328,.495,$508000,Amateur Draft,moscojo01
461,Jason Motte,34,COL,23.2,30,0,15,5.70,4.50,0.15,-0.32,118.3,4.77,-2,-0.2,.89,0.0,-0.1,0,.493,.499,$5000000,Free Agency,motteja01
462,Taylor Motter,26,TBR,0.1,1,0,0,0.00,4.73,0.30,-0.35,90.0,3.67,0,0.0,.00,0.0,0.0,0,.514,.500,,Amateur Draft,motteta01
463,Peter Moylan,37,KCR,44.2,50,0,19,3.83,4.70,0.10,-0.34,103.1,4.39,3,0.3,.96,-0.1,0.6,7,.506,.502,,Free Agency,moylape01
464,Conor Mullee,28,NYY,3.0,3,0,1,3.00,4.53,0.05,-0.33,105.0,4.36,0,0.0,.10,0.0,0.1,1,.516,.500,,Amateur Draft,mulleco01
465,Colton Murray,26,PHI,31.2,24,0,22,6.25,4.47,-0.08,-0.32,98.9,4.18,-7,-0.7,.81,0.0,-0.4,-4,.471,.496,,Amateur Draft,murraco02
466,Joe Musgrove,23,HOU,62.0,11,10,28,4.06,4.58,0.46,0.15,93.6,4.00,0,0.0,.94,0.0,0.5,6,.496,.500,,Traded,musgrjo01
467,Chris Narveson*,34,MIA,8.1,6,0,8,8.64,4.52,0.04,-0.32,89.4,3.72,-4,-0.4,1.73,-0.2,-0.5,-4,.428,.497,$1200000,Free Agency,narvech01
468,Joe Nathan,41,2TM,6.1,10,0,0,0.00,4.96,0.36,-0.35,101.5,4.31,3,0.3,1.33,0.0,0.4,4,.533,.501,,Free Agency,nathajo01
469,Zach Neal,27,OAK,70.0,24,6,35,4.50,4.74,-0.46,-0.04,95.6,4.93,3,0.4,.38,-0.1,0.9,10,.515,.502,,Free Agency,nealza01
470,Jimmy Nelson,27,MIL,179.1,32,32,108,5.42,4.59,0.16,0.19,102.0,4.71,-12,-1.2,,-0.1,0.3,2,.463,.493,$522300,Amateur Draft,nelsoji02
471,Hector Neris,27,PHI,80.1,79,0,26,2.91,4.44,-0.06,-0.31,99.6,4.17,12,1.3,1.32,0.0,2.1,18,.516,.508,$515000,Amateur Free Agent,nerishe01
472,Pat Neshek,35,HOU,47.0,60,0,17,3.26,4.63,0.43,-0.33,92.0,3.55,2,0.2,1.18,-0.1,0.5,6,.503,.501,$6500000,Free Agency,neshepa01
473,Juan Nicasio,29,PIT,118.0,52,12,64,4.88,4.46,-0.02,-0.05,99.4,4.40,-5,-0.5,1.08,-0.2,0.4,4,.491,.497,$3000000,Free Agency,nicasju01
474,Justin Nicolino*,24,MIA,79.1,18,13,45,5.11,4.37,0.04,0.13,93.5,4.16,-7,-0.7,1.33,-0.1,-0.1,-1,.460,.496,,Traded,nicolju01
475,Jon Niese*,29,2TM,121.0,29,20,77,5.73,4.58,-0.02,0.13,101.5,4.80,-11,-1.0,.84,0.0,0.1,-2,.465,.498,$9000000,Traded,niesejo01
476,Aaron Nola,23,PHI,111.0,20,20,68,5.51,4.41,-0.08,0.18,99.4,4.64,-9,-0.9,,-0.1,0.0,-1,.454,.494,$517500,Amateur Draft,nolaaa01
477,Ricky Nolasco,33,2TM,197.2,32,32,104,4.74,4.51,-0.16,0.18,97.5,4.74,0,0.1,,-0.1,1.9,20,.503,.499,$12000000,Traded,nolasri01
478,Bud Norris,31,2TM,113.0,35,19,67,5.34,4.50,0.11,0.08,98.7,4.41,-10,-1.0,.78,-0.1,-0.1,-2,.473,.498,$2500000,Free Agency,norribu01
479,Daniel Norris*,23,DET,69.1,14,13,30,3.89,4.51,-0.33,0.17,102.2,5.13,10,1.0,.24,-0.1,1.7,16,.575,.506,$514500,Traded,norrida01
480,Iván Nova,29,2TM,162.0,32,26,81,4.50,4.49,0.05,0.14,102.1,4.68,4,0.5,.82,-0.1,1.9,19,.515,.501,$4100000,Rule 5 returned,novaiv01
481,Vidal Nuno III*,28,SEA,58.2,55,1,23,3.53,4.63,0.06,-0.30,96.3,4.11,4,0.4,.99,-0.1,0.9,10,.507,.502,$532900,Traded,nunovi01
482,Darren O'Day,33,BAL,31.0,34,0,13,3.77,4.55,0.03,-0.33,103.0,4.32,2,0.2,1.35,0.0,0.5,5,.506,.501,$6000000,Free Agency,odayda01
483,Eric O'Flaherty*,31,ATL,28.2,39,0,25,7.85,4.72,-0.03,-0.33,100.3,4.43,-11,-1.1,.96,0.0,-0.9,-8,.473,.493,$1750000,Purchased,oflaher01
484,Ryan O'Rourke*,28,MIN,25.0,26,0,13,4.68,4.60,-0.31,-0.33,101.4,4.64,0,0.0,.85,-0.1,0.2,2,.500,.500,,Amateur Draft,orourry01
485,Sean O'Sullivan,28,BOS,21.1,5,4,17,7.17,4.47,0.54,0.16,111.6,4.56,-6,-0.6,.02,0.0,-0.4,-4,.385,.496,,Free Agency,osullse01
486,Scott Oberg,26,COL,26.0,24,0,15,5.19,4.43,0.15,-0.31,112.5,4.46,-2,-0.2,.78,0.0,0.0,0,.492,.499,,Amateur Draft,obergsc01
487,Brett Oberholtzer*,26,2TM,70.1,37,2,47,6.01,4.54,0.01,-0.27,98.9,4.22,-13,-1.3,.49,0.2,-0.5,-8,.465,.497,$518000,Waivers,oberhbr01
488,Jake Odorizzi,26,TBR,187.2,33,33,80,3.84,4.59,0.13,0.18,96.7,4.49,14,1.5,,-0.1,3.2,32,.544,.509,$520700,Traded,odorija01
489,Alexi Ogando,32,ATL,32.0,36,0,18,5.06,4.53,-0.02,-0.32,97.5,4.13,-3,-0.3,.76,0.0,0.0,0,.492,.498,$2000000,Free Agency,ogandal01
490,Nefi Ogando,27,MIA,15.2,14,0,5,2.87,4.31,0.03,-0.31,103.7,4.12,2,0.3,.46,-0.1,0.3,4,.518,.502,,Waivers,ogandne01
491,Seunghwan Oh,33,STL,79.2,76,0,20,2.26,4.48,-0.10,-0.32,96.4,4.11,17,1.8,1.53,0.3,2.9,23,.524,.511,$2500000,Free Agency,ohse01
492,Ross Ohlendorf,33,CIN,65.2,64,0,35,4.80,4.54,-0.01,-0.32,102.8,4.35,-2,-0.2,1.10,-0.2,0.2,3,.496,.498,$800000,Free Agency,ohlenro01
493,Steven Okert*,24,SFG,14.0,16,0,5,3.21,4.76,0.38,-0.34,94.9,3.83,1,0.1,1.34,0.0,0.2,2,.508,.501,,Amateur Draft,okertst01
494,Tyler Olson*,26,NYY,2.2,1,0,2,6.75,4.89,0.13,-0.35,104.0,4.59,-1,-0.1,.64,0.0,0.0,0,.437,.500,,Traded,olsonty01
495,Logan Ondrusek,31,BAL,6.1,7,0,7,9.95,4.45,0.04,-0.32,99.7,4.07,-4,-0.4,.81,0.0,-0.3,-4,.442,.497,,Free Agency,ondrulo01
496,Josh Osich*,27,SFG,36.1,59,0,20,4.95,4.80,0.41,-0.34,100.1,4.05,-3,-0.3,1.43,-0.2,-0.1,0,.495,.498,$512500,Amateur Draft,osichjo01
497,Roberto Osuna,21,TOR,74.0,72,0,23,2.80,4.62,0.27,-0.33,102.2,4.11,11,1.1,1.70,0.2,2.1,18,.516,.507,$516100,Free Agency,osunaro01
498,Dan Otero,31,CLE,70.2,62,0,14,1.78,4.55,0.22,-0.33,107.6,4.30,20,2.1,.88,-0.3,2.5,27,.534,.513,$520000,Purchased,oteroda01
499,Adam Ottavino,30,COL,27.0,34,0,9,3.00,4.46,0.11,-0.32,120.1,4.84,6,0.6,1.49,0.1,1.0,8,.518,.504,$1300000,Waivers,ottavad01
500,Dillon Overton*,24,OAK,24.1,7,5,31,11.47,4.76,-0.55,0.13,96.8,5.26,-17,-1.4,.01,0.1,-1.1,-14,.299,.491,,Amateur Draft,overtdi01
501,Henry Owens*,23,BOS,22.0,5,5,17,6.95,4.43,0.41,0.18,100.2,4.20,-7,-0.6,,0.0,-0.4,-5,.376,.496,,Amateur Draft,owenshe02
502,Jonathan Papelbon,35,WSN,35.0,37,0,18,4.63,4.35,0.08,-0.31,101.5,4.03,-2,-0.2,1.60,-0.1,0.0,1,.495,.499,$11000000,Traded,papeljo01
503,Blake Parker,31,2TM,17.1,17,0,9,4.67,4.69,0.09,-0.34,104.3,4.44,0,0.0,1.39,0.0,0.1,1,.497,.499,,Waivers,parkebl01
504,Bobby Parnell,31,DET,5.1,6,0,4,6.75,4.75,-0.38,-0.34,101.1,4.84,-1,-0.1,1.00,0.0,-0.1,-1,.481,.499,,Free Agency,parnebo01
505,Curtis Partch,29,PIT,0.2,2,0,3,40.50,6.51,-0.05,-0.46,99.0,6.03,-3,-0.2,.58,0.0,-0.2,-2,.381,.499,,Free Agency,partccu01
506,Spencer Patton,28,CHC,21.1,16,0,16,6.75,4.43,0.63,-0.23,99.7,3.56,-7,-0.7,.57,0.1,-0.5,-6,.454,.495,,Traded,pattosp01
507,David Paulino,22,HOU,7.0,3,1,4,5.14,4.67,0.51,-0.11,102.7,4.15,-1,-0.1,.04,0.0,0.0,0,.474,.500,,Traded,paulida01
508,James Paxton*,27,SEA,121.0,20,20,62,4.61,4.61,0.06,0.19,95.2,4.52,-1,-0.1,,-0.1,1.0,11,.494,.499,,Amateur Draft,paxtoja01
509,James Pazos*,25,NYY,3.1,7,0,5,13.50,5.50,0.12,-0.40,103.9,5.18,-3,-0.3,.59,0.1,-0.2,-3,.456,.498,,Amateur Draft,pazosja01
510,Brad Peacock,28,HOU,31.2,10,5,15,4.26,4.53,0.42,0.07,93.7,3.92,-1,-0.1,.05,0.0,0.2,2,.488,.499,,Traded,peacobr01
511,Jake Peavy,35,SFG,118.2,31,21,76,5.76,4.48,0.43,0.14,96.8,4.06,-21,-2.1,.67,-0.1,-1.1,-12,.434,.487,$15000000,Traded,peavyja01
512,Mike Pelfrey,32,DET,119.0,24,22,76,5.75,4.47,-0.40,0.15,99.9,5.02,-10,-1.0,.25,-0.1,0.2,2,.460,.494,$8000000,Free Agency,pelfrmi01
513,Ariel Peña,27,MIL,1.2,1,0,5,27.00,4.63,0.27,-0.33,104.0,4.19,-4,-0.3,.21,0.1,-0.2,-4,.202,.498,$510100,Traded,penaar01
514,Félix Peña,26,CHC,9.0,11,0,4,4.00,4.40,0.44,-0.31,101.4,3.69,0,0.0,1.15,0.0,0.0,0,.498,.500,,Amateur Free Agent,penafe01
515,Joel Peralta,40,2TM,27.1,31,0,19,6.26,4.56,0.14,-0.33,96.0,3.93,-7,-0.7,1.28,-0.2,-0.6,-4,.477,.498,$1250000,Free Agency,peraljo01
516,Wandy Peralta*,24,CIN,7.1,10,0,7,8.59,4.81,-0.01,-0.34,101.7,4.56,-3,-0.3,.55,0.1,-0.2,-3,.468,.498,,Amateur Free Agent,peralwa01
517,Wily Peralta,27,MIL,127.2,23,23,73,5.15,4.50,0.17,0.19,102.0,4.61,-6,-0.6,,-0.1,0.4,4,.474,.496,$2800000,Amateur Free Agent,peralwi01
518,Luis Perdomo,23,SDP,146.2,35,20,99,6.08,4.52,0.05,0.10,96.7,4.41,-25,-2.5,.47,0.0,-1.2,-14,.430,.485,$507500,Purchased,perdolu02
519,Martín Pérez*,25,TEX,198.2,33,33,110,4.98,4.61,0.03,0.19,106.0,5.05,2,0.2,,-0.1,2.0,21,.505,.501,$2900000,Amateur Free Agent,perezma02
520,Oliver Pérez*,34,WSN,40.0,64,0,22,4.95,4.68,0.07,-0.33,101.9,4.36,-2,-0.2,1.20,-0.1,0.0,1,.497,.499,$3000000,Free Agency,perezol01
521,Williams Pérez,25,ATL,53.2,11,11,37,6.20,4.33,-0.03,0.18,96.9,4.39,-10,-1.0,,0.0,-0.5,-6,.412,.494,$511250,Amateur Free Agent,perezwi01
522,Glen Perkins*,33,MIN,2.0,2,0,2,9.00,4.23,-0.46,-0.31,104.0,4.56,-1,-0.1,.94,0.0,-0.1,-1,.451,.499,$6300000,Amateur Draft,perkigl01
523,Yusmeiro Petit,31,WSN,62.0,36,1,33,4.79,4.49,0.08,-0.24,101.3,4.23,-3,-0.3,.89,-0.1,0.1,2,.491,.498,$2500000,Free Agency,petityu01
524,Jake Petricka,28,CHW,8.0,9,0,5,5.63,4.94,0.00,-0.36,95.6,4.38,-1,-0.1,1.00,0.0,-0.1,0,.487,.499,$535000,Amateur Draft,petrija01
525,Josh Phegley,28,OAK,0.2,1,0,0,0.00,4.51,-0.18,-0.32,104.0,4.54,0,0.0,.00,0.0,0.0,0,.536,.500,$512500,Traded,phegljo01
526,David Phelps,29,MIA,86.2,64,5,23,2.39,4.42,0.02,-0.15,95.4,4.05,17,1.8,1.46,0.1,2.7,24,.528,.511,$2500000,Traded,phelpda01
527,Zach Phillips*,29,PIT,6.2,8,0,2,2.70,4.72,-0.03,-0.33,98.3,4.33,1,0.1,.92,0.0,0.2,2,.517,.501,,Traded,phillza01
528,Branden Pinder,27,NYY,1.0,1,0,2,18.00,4.21,0.13,-0.31,104.0,3.93,-2,-0.1,.52,0.0,-0.1,-1,.358,.499,,Amateur Draft,pindebr01
529,Michael Pineda,27,NYY,175.2,32,32,98,5.02,4.61,0.08,0.19,101.5,4.78,-5,-0.5,,-0.1,1.1,13,.485,.497,$4300000,Traded,pinedmi01
530,Adam Plutko,24,CLE,3.2,2,0,3,7.36,4.63,0.27,-0.33,107.3,4.32,-1,-0.1,.12,0.0,0.0,-1,.439,.499,,Amateur Draft,plutkad01
531,Drew Pomeranz*,27,2TM,170.2,31,30,65,3.43,4.50,0.19,0.18,98.8,4.42,20,2.3,1.95,-0.1,3.8,35,.575,.508,$1350000,Traded,pomerdr01
532,Rick Porcello,27,BOS,223.0,33,33,85,3.43,4.47,0.44,0.18,104.4,4.39,24,2.6,,-0.1,4.7,46,.580,.516,$20125000,Traded,porceri01
533,Brooks Pounders,25,KCR,12.2,13,0,13,9.24,4.60,0.11,-0.33,104.0,4.32,-7,-0.7,.99,0.0,-0.6,-6,.447,.496,,Traded,poundbr01
534,Ryan Pressly,27,MIN,75.1,72,0,34,4.06,4.51,-0.37,-0.33,100.9,4.59,4,0.5,1.39,-0.1,1.2,12,.507,.503,$520000,Rule 5 Draft,pressry01
535,David Price*,30,BOS,230.0,35,35,106,4.15,4.47,0.43,0.18,105.2,4.43,7,0.8,,-0.1,2.9,30,.522,.505,$30000000,Free Agency,priceda01
536,Matt Purke*,25,CHW,18.0,12,0,12,6.00,4.66,0.00,-0.34,98.1,4.25,-4,-0.4,.39,0.1,-0.1,-2,.470,.498,,Free Agency,purkema01
537,Zach Putnam,28,CHW,27.1,25,0,7,2.30,4.59,0.00,-0.33,96.4,4.10,5,0.6,.81,-0.1,0.7,8,.523,.504,$975000,Free Agency,putnaza01
538,Kevin Quackenbush,27,SDP,59.2,60,0,27,4.07,4.62,0.05,-0.33,97.3,4.14,1,0.1,1.03,-0.1,0.5,6,.502,.501,$521200,Amateur Draft,quackke01
539,Chad Qualls,37,COL,32.2,44,0,22,6.06,4.66,0.18,-0.33,115.0,4.78,-4,-0.4,.66,0.0,-0.1,-2,.490,.497,$2250000,Free Agency,quallch01
540,José Quintana*,27,CHW,208.0,32,32,76,3.29,4.54,0.00,0.18,97.4,4.60,30,3.4,,-0.1,5.3,51,.606,.521,$5400000,Free Agency,quintjo01
541,Erasmo Ramírez,26,TBR,90.2,64,1,39,3.87,4.65,0.14,-0.30,96.0,4.03,2,0.2,1.43,-0.2,0.9,11,.503,.501,$2375000,Traded,ramirer02
542,JC Ramirez,27,2TM,78.2,70,0,41,4.69,4.54,0.13,-0.33,97.6,3.99,-6,-0.6,1.03,-0.1,0.1,1,.492,.499,,Free Agency,ramirjc01
543,José Ramírez,26,ATL,32.2,33,0,16,4.41,4.32,-0.02,-0.31,100.1,4.04,-1,-0.1,1.16,-0.1,0.1,2,.497,.499,$507500,Traded,ramirjo02
544,Neil Ramírez,27,3TM,24.0,18,0,16,6.00,4.47,-0.06,-0.32,101.1,4.26,-5,-0.5,.74,0.0,-0.2,-2,.475,.499,$524500,Traded,ramirne01
545,Noé Ramirez,26,BOS,13.0,14,0,9,6.23,4.47,0.42,-0.32,107.7,4.02,-3,-0.3,.61,0.0,-0.2,-2,.477,.498,$509500,Amateur Draft,ramirno01
546,AJ Ramos,29,MIA,64.0,67,0,21,2.95,4.34,0.03,-0.31,93.7,3.75,7,0.7,1.59,0.1,1.3,11,.510,.504,$3400000,Amateur Draft,ramosaj01
547,Cesár Ramos*,32,TEX,47.2,16,4,34,6.42,4.55,0.03,-0.11,107.4,4.73,-9,-0.9,.78,0.0,-0.4,-4,.445,.495,,Free Agency,ramosce01
548,Edubray Ramos,23,PHI,40.0,42,0,18,4.05,4.42,-0.07,-0.31,100.9,4.21,1,0.1,1.24,-0.1,0.4,4,.503,.501,,Free Agency,ramosed02
549,Anthony Ranaudo,26,2TM,31.1,9,5,33,9.48,4.71,0.00,0.09,102.1,4.89,-16,-1.4,.65,-0.1,-1.2,-13,.344,.495,,Traded,ranauan01
550,Cory Rasmus,28,LAA,24.2,19,1,16,5.84,4.64,0.23,-0.29,95.1,3.92,-5,-0.5,.51,0.1,-0.2,-3,.472,.497,$514500,Traded,rasmuco02
551,Josh Ravin,28,LAD,9.2,10,0,1,0.93,4.39,0.20,-0.31,97.2,3.77,3,0.3,.37,-0.1,0.3,4,.534,.502,$515000,Free Agency,ravinjo01
552,Robbie Ray*,24,ARI,174.1,32,32,105,5.42,4.45,-0.12,0.19,106.7,5.08,-4,-0.4,,-0.1,1.0,9,.486,.497,$521000,Traded,rayro02
553,Colin Rea,25,2TM,102.2,20,19,63,5.52,4.48,0.04,0.18,96.1,4.44,-11,-1.1,.00,-0.1,-0.2,-3,.447,.493,$510200,Traded,reaco01
554,Addison Reed,27,NYM,77.2,80,0,18,2.09,4.41,0.03,-0.31,95.6,3.89,17,1.8,1.47,0.2,2.7,22,.522,.511,$5300000,Traded,reedad01
555,Cody Reed*,23,CIN,47.2,10,10,47,8.87,4.63,-0.01,0.18,97.4,4.71,-21,-1.8,,0.0,-1.5,-18,.316,.489,,Traded,reedco01
556,Alex Reyes,21,STL,46.0,12,5,8,1.57,4.60,-0.10,0.05,96.2,4.57,16,1.8,1.28,0.0,2.3,19,.652,.511,,Amateur Free Agent,reyesal02
557,Jo-Jo Reyes*,31,MIA,2.0,1,0,2,9.00,4.74,0.05,-0.34,102.0,4.44,-1,-0.1,.06,0.0,0.0,-1,.406,.499,,Free Agency,reyesjo03
558,Matt Reynolds*,31,SFG,6.0,8,0,5,7.50,4.98,0.49,-0.35,93.8,3.88,-2,-0.2,1.44,-0.1,-0.3,-2,.470,.499,,Free Agency,reynoma02
559,Clayton Richard*,32,2TM,67.2,36,9,35,4.66,4.61,0.21,0.07,94.2,4.19,-3,-0.2,.72,0.0,0.4,3,.494,.498,$2000000,Purchased,richacl01
560,Garrett Richards,28,LAA,34.2,6,6,16,4.15,4.59,0.20,0.18,95.3,4.36,1,0.1,,0.0,0.4,4,.514,.501,$6425000,Amateur Draft,richaga01
561,Donn Roach,26,SEA,5.1,4,0,5,8.44,5.07,0.08,-0.37,92.0,4.25,-2,-0.2,1.52,-0.1,-0.3,-2,.439,.498,,Free Agency,roachdo01
562,Tanner Roark,29,WSN,210.0,34,33,72,3.09,4.28,0.07,0.17,100.7,4.41,34,3.8,1.49,-0.2,5.5,50,.611,.523,$543400,Traded,roarkta01
563,David Robertson,31,CHW,62.1,62,0,24,3.47,4.60,0.00,-0.33,97.3,4.15,5,0.5,1.83,0.1,1.2,11,.508,.503,$11000000,Free Agency,roberda08
564,Hansel Robles,25,NYM,77.2,68,0,32,3.71,4.34,0.03,-0.31,96.5,3.87,2,0.3,1.16,-0.2,0.8,8,.504,.502,$516500,Amateur Free Agent,robleha01
565,Brady Rodgers,25,HOU,8.1,5,1,14,15.12,4.84,0.69,-0.11,98.4,3.98,-10,-0.9,.17,0.2,-0.6,-9,.321,.494,,Amateur Draft,rodgebr01
566,Fernando Rodney,39,2TM,65.1,67,0,27,3.72,4.49,0.03,-0.32,95.4,3.95,3,0.3,1.45,0.0,1.0,7,.505,.500,$1600000,Traded,rodnefe01
567,Carlos Rodón*,23,CHW,165.0,28,28,82,4.47,4.48,0.00,0.18,98.0,4.56,2,0.2,,-0.1,1.7,18,.507,.501,$518000,Amateur Draft,rodonca01
568,Eduardo Rodriguez*,23,BOS,107.0,20,20,58,4.88,4.45,0.44,0.18,104.2,4.36,-6,-0.6,,-0.1,0.4,4,.469,.496,$521000,Traded,rodried05
569,Fernando Rodriguez Jr.,32,OAK,40.2,34,0,19,4.20,4.60,-0.34,-0.33,96.3,4.44,1,0.1,.86,-0.1,0.4,5,.503,.501,$1050000,Traded,rodrife02
570,Francisco Rodríguez,34,DET,58.1,61,0,24,3.70,4.52,-0.31,-0.33,100.3,4.51,5,0.5,1.89,0.1,1.3,11,.509,.503,$7500000,Traded,rodrifr03
571,Joely Rodríguez*,24,PHI,9.2,12,0,3,2.79,4.47,-0.08,-0.32,97.7,4.13,2,0.2,1.42,0.0,0.3,2,.514,.501,,Traded,rodrijo06
572,Chaz Roe,29,2TM,29.2,30,0,12,3.64,4.47,0.00,-0.32,98.8,4.10,2,0.2,1.05,-0.1,0.4,4,.506,.501,$720000,Waivers,roech01
573,Taylor Rogers*,25,MIN,61.1,57,0,29,4.26,4.50,-0.34,-0.33,101.4,4.58,2,0.2,1.01,-0.1,0.7,8,.504,.501,,Amateur Draft,rogerta01
574,David Rollins*,26,SEA,9.1,11,0,8,7.71,4.72,0.07,-0.34,96.3,4.15,-4,-0.4,.26,0.1,-0.2,-3,.466,.498,,Rule 5 Draft,rollida01
575,Enny Romero*,25,TBR,45.2,52,0,31,6.11,4.75,0.12,-0.34,96.5,4.13,-10,-1.0,.77,0.0,-0.6,-6,.480,.494,$510000,Amateur Free Agent,romeren01
576,Andrew Romine,30,DET,0.2,1,0,0,0.00,4.23,-0.36,-0.31,104.0,4.46,0,0.0,.00,0.0,0.0,0,.535,.500,$900000,Traded,rominan01
577,Sergio Romo,33,SFG,30.2,40,0,9,2.64,4.57,0.33,-0.32,95.4,3.74,4,0.4,1.39,0.0,0.7,6,.511,.503,$9000000,Free Agency,romose01
578,Bruce Rondón,25,DET,36.1,37,0,12,2.97,4.54,-0.26,-0.33,102.6,4.58,7,0.7,1.22,0.0,1.1,10,.519,.504,,Amateur Free Agent,rondobr01
579,Héctor Rondón,28,CHC,51.0,54,0,20,3.53,4.41,0.55,-0.31,100.3,3.56,1,0.1,1.43,-0.1,0.5,5,.502,.501,$4200000,Rule 5 Draft,rondohe01
580,Jorge Rondon,28,PIT,3.2,2,0,7,17.18,4.86,-0.03,-0.34,98.8,4.49,-5,-0.4,.14,0.2,-0.2,-5,.288,.497,,Waivers,rondojo01
581,Trevor Rosenthal,26,STL,40.1,45,0,22,4.91,4.69,-0.11,-0.33,96.4,4.31,-2,-0.2,1.37,-0.1,0.0,1,.495,.499,$5600000,Amateur Draft,rosentr01
582,Joe Ross,23,WSN,105.0,19,19,43,3.69,4.38,0.07,0.17,99.0,4.44,10,1.1,,-0.1,2.0,18,.558,.507,$514400,Traded,rossjo01
583,Robbie Ross*,27,BOS,55.1,54,0,21,3.42,4.51,0.41,-0.33,106.6,4.02,4,0.4,1.05,-0.1,0.8,9,.507,.502,$1250000,Traded,rossro01
584,Tyson Ross,29,SDP,5.1,1,1,8,13.50,4.68,0.05,0.20,90.0,4.34,-5,-0.3,,0.0,-0.3,-5,.158,.498,$9625000,Traded,rossty01
585,Michael Roth*,26,TEX,3.2,1,0,6,14.73,5.29,0.05,-0.38,112.0,5.45,-4,-0.3,1.19,0.0,-0.3,-3,.221,.498,,Free Agency,rothmi01
586,Ben Rowen,27,MIL,3.0,4,0,6,18.00,5.08,0.29,-0.36,99.9,4.42,-4,-0.4,.29,0.1,-0.3,-4,.394,.497,,Waivers,rowenbe01
587,Chris Rusin*,29,COL,84.1,29,7,36,3.84,4.55,0.15,-0.06,113.8,4.95,11,1.2,.93,-0.1,1.9,18,.542,.508,$512500,Waivers,rusinch01
588,James Russell*,30,PHI,4.1,7,0,9,18.69,4.47,-0.11,-0.32,98.4,4.20,-7,-0.7,.93,0.0,-0.6,-7,.406,.496,$1500000,Free Agency,russeja02
589,Kyle Ryan*,24,DET,55.2,56,0,21,3.40,4.54,-0.34,-0.33,101.5,4.62,8,0.8,.69,-0.3,1.1,13,.514,.505,$509500,Amateur Draft,ryanky01
590,Hyun Jin Ryu*,29,LAD,4.2,1,1,6,11.57,4.52,0.41,0.19,92.0,3.96,-4,-0.3,,0.0,-0.3,-4,.216,.498,$7833000,Purchased,ryuhy01
591,Marc Rzepczynski*,30,2TM,47.2,70,0,17,3.21,4.73,-0.27,-0.34,97.4,4.54,7,0.8,1.13,-0.1,1.2,12,.511,.503,$2950000,Traded,rzepcma01
592,CC Sabathia*,35,NYY,179.2,30,30,83,4.16,4.63,0.09,0.19,102.5,4.84,14,1.5,,-0.1,3.1,31,.549,.509,$25000000,Free Agency,sabatc.01
593,Fernando Salas,31,2TM,73.2,75,0,32,3.91,4.52,0.17,-0.32,94.7,3.81,-1,0.0,1.35,-0.2,0.5,6,.499,.499,$2400000,Traded,salasfe01
594,Danny Salazar,26,CLE,137.1,25,25,61,4.00,4.47,0.20,0.18,106.2,4.73,11,1.2,,-0.1,2.5,25,.548,.507,$536200,Amateur Free Agent,salazda01
595,Chris Sale*,27,CHW,226.2,32,32,88,3.49,4.52,0.00,0.18,96.0,4.51,26,2.8,,-0.1,4.9,48,.589,.518,$9150000,Amateur Draft,salech01
596,Jeff Samardzija,31,SFG,203.1,32,32,88,3.90,4.47,0.40,0.19,98.1,4.17,9,1.0,,-0.2,2.6,24,.530,.506,$10800000,Free Agency,samarje01
597,Adrian Sampson,24,SEA,4.2,1,1,4,7.71,5.59,0.07,0.23,112.0,6.43,-1,-0.1,,0.0,0.0,0,.435,.500,,Traded,sampsad01
598,Keyvius Sampson,25,CIN,39.1,18,2,24,5.49,4.38,-0.01,-0.08,103.0,4.44,-4,-0.4,.35,0.0,-0.1,-1,.477,.497,$507500,Waivers,sampske01
599,Aaron Sanchez,23,TOR,192.0,30,30,69,3.23,4.59,0.31,0.19,103.4,4.62,30,3.3,,-0.1,5.1,49,.610,.520,$517800,Amateur Draft,sanchaa01
600,Aníbal Sánchez,32,DET,153.1,35,26,108,6.34,4.47,-0.34,0.13,101.0,5.00,-23,-2.2,1.10,-0.1,-0.9,-8,.436,.486,$16800000,Traded,sanchan01
601,Ervin Santana,33,MIN,181.1,30,30,78,3.87,4.40,-0.35,0.18,99.7,4.91,21,2.3,,-0.1,4.0,39,.577,.514,$13500000,Free Agency,santaer01
602,Héctor Santiago*,28,2TM,182.0,33,33,100,4.95,4.60,0.00,0.19,97.5,4.67,-6,-0.6,,-0.1,1.1,12,.483,.498,$5000000,Traded,santihe01
603,Luis Sardinas,23,SEA,1.0,1,0,0,0.00,5.05,0.05,-0.37,100.0,4.63,1,0.1,.00,0.0,0.0,1,.556,.500,$512000,Traded,sardilu01
604,Warwick Saupold,26,DET,9.2,6,0,8,7.45,4.52,-0.40,-0.33,102.4,4.70,-3,-0.3,.48,0.1,-0.1,-2,.451,.498,,Amateur Free Agent,saupowa01
605,Rob Scahill,29,2TM,34.2,31,0,14,3.63,4.59,0.07,-0.33,105.4,4.42,3,0.4,.48,-0.2,0.5,6,.512,.501,,Waivers,scahiro01
606,Tanner Scheppers,29,TEX,8.2,10,0,4,4.15,4.78,0.03,-0.35,103.3,4.55,0,0.0,1.80,0.0,0.1,1,.504,.500,$900000,Amateur Draft,schepta01
607,Max Scherzer,31,WSN,228.1,34,34,77,3.04,4.31,0.06,0.18,100.5,4.45,39,4.4,,-0.2,6.2,56,.629,.527,$22143000,Free Agency,scherma01
608,A.J. Schugel,27,PIT,52.0,36,0,22,3.81,4.65,-0.02,-0.29,99.4,4.36,4,0.4,.79,-0.2,0.7,8,.511,.502,,Waivers,schugaj01
609,Bo Schultz,30,TOR,16.1,16,0,10,5.51,4.66,0.36,-0.34,99.4,3.95,-3,-0.3,.70,0.0,-0.1,-1,.482,.498,$513300,Waivers,schulbo02
610,Patrick Schuster*,25,2TM,8.2,11,0,19,19.73,5.01,-0.38,-0.36,95.8,4.81,-14,-1.3,.56,0.2,-1.0,-14,.380,.496,,Free Agency,schuspa01
611,Robby Scott*,26,BOS,6.0,7,0,0,0.00,4.43,0.45,-0.32,105.4,3.87,3,0.3,1.11,0.0,0.3,3,.539,.502,,Free Agency,scottro02
612,Evan Scribner,30,SEA,14.0,12,0,0,0.00,4.54,0.04,-0.33,91.4,3.81,6,0.6,1.05,0.0,0.8,7,.553,.504,$807500,Traded,scribev01
613,Luis Severino,22,NYY,71.0,22,11,48,6.08,4.67,0.09,0.02,104.1,4.78,-10,-1.0,.82,-0.1,-0.4,-3,.453,.494,$521300,Amateur Free Agent,severlu01
614,Bryan Shaw,28,CLE,66.2,75,0,26,3.51,4.51,0.21,-0.33,106.5,4.24,5,0.6,1.32,-0.1,1.2,12,.508,.503,$2750000,Traded,shawbr01
615,James Shields,34,2TM,181.2,33,33,122,6.04,4.52,0.02,0.18,95.2,4.46,-31,-2.8,,-0.1,-1.2,-15,.415,.488,$21000000,Traded,shielja02
616,Braden Shipley,24,ARI,70.0,13,11,43,5.53,4.44,-0.15,0.16,107.0,5.08,-3,-0.3,1.03,-0.1,0.3,3,.480,.498,,Amateur Draft,shiplbr01
617,Matt Shoemaker,29,LAA,160.0,27,27,71,3.99,4.59,0.22,0.19,94.6,4.31,6,0.6,,-0.1,2.1,22,.523,.504,$530000,Amateur Free Agent,shoemma01
618,Chasen Shreve*,25,NYY,33.0,37,0,19,5.18,4.67,0.09,-0.34,105.3,4.47,-3,-0.3,.87,-0.1,0.0,1,.493,.498,$533400,Traded,shrevch01
619,JB Shuck*,29,CHW,1.0,1,0,1,9.00,4.75,0.00,-0.34,92.0,4.06,-1,-0.1,.00,0.0,0.0,0,.446,.500,$521000,Waivers,shuckja01
620,Kevin Siegrist*,26,STL,61.2,67,0,20,2.92,4.52,-0.10,-0.32,97.5,4.20,10,1.0,1.66,0.2,1.8,14,.515,.506,$539000,Amateur Draft,siegrke01
621,Shae Simmons,25,ATL,6.2,7,0,1,1.35,4.37,-0.03,-0.31,99.2,4.06,2,0.2,.60,-0.1,0.2,3,.532,.501,$508000,Amateur Draft,simmosh01
622,Alfredo Simon,35,CIN,58.2,15,11,64,9.82,4.52,-0.02,0.12,105.8,4.93,-31,-2.7,.77,0.0,-2.2,-27,.321,.483,$2000000,Free Agency,simonal01
623,Tony Sipp*,32,HOU,43.2,60,0,26,5.36,4.76,0.48,-0.34,93.0,3.66,-8,-0.8,.83,0.0,-0.4,-4,.486,.495,$6000000,Free Agency,sippto01
624,Tyler Skaggs*,24,LAA,49.2,10,10,23,4.17,4.71,0.21,0.19,97.1,4.56,2,0.2,,0.0,0.7,7,.523,.501,$515000,Traded,skaggty01
625,Blake Smith,28,CHW,4.1,5,0,3,6.23,4.33,0.00,-0.31,96.8,3.89,-1,-0.1,.20,0.0,0.0,-1,.477,.499,,Rule 5 returned,smithbl01
626,Carson Smith,26,BOS,2.2,3,0,1,3.38,4.46,0.44,-0.32,106.5,3.94,0,0.0,.59,0.0,0.0,0,.506,.500,$529000,Traded,smithca02
627,Chris Smith,35,OAK,24.2,13,0,9,3.28,4.82,-0.31,-0.35,93.1,4.44,3,0.3,.17,-0.2,0.4,6,.526,.502,,Free Agency,smithch08
628,Jake Smith,26,SDP,4.0,4,0,2,4.50,4.74,0.04,-0.34,100.4,4.38,0,0.0,.10,0.0,0.0,0,.500,.500,,Waivers,smithja06
629,Joe Smith,32,2TM,52.0,54,0,20,3.46,4.58,0.31,-0.33,97.0,3.83,2,0.2,1.09,-0.1,0.6,7,.504,.501,$5250000,Traded,smithjo05
630,Josh A. Smith,28,CIN,59.2,32,2,32,4.83,4.59,-0.01,-0.22,101.8,4.46,-2,-0.2,.82,-0.1,0.3,3,.495,.499,,Amateur Draft,smithjo07
631,Will Smith*,26,2TM,40.1,53,0,19,4.24,4.57,0.21,-0.32,98.1,3.97,-1,-0.1,1.49,-0.1,0.2,2,.499,.500,$1475000,Traded,smithwi04
632,Josh Smoker*,27,NYM,15.1,20,0,10,5.87,4.49,0.02,-0.32,94.2,3.91,-3,-0.3,1.30,-0.1,-0.3,-2,.484,.498,,Free Agency,smokejo01
633,Drew Smyly*,27,TBR,175.1,30,30,103,5.29,4.58,0.13,0.18,97.3,4.51,-15,-1.5,,-0.1,0.1,2,.450,.491,$3750000,Traded,smylydr01
634,Blake Snell*,23,TBR,89.0,19,19,44,4.45,4.56,0.13,0.18,96.5,4.46,0,0.0,,-0.1,0.8,9,.501,.500,,Amateur Draft,snellbl01
635,Miguel Socolovich,29,STL,18.0,15,0,4,2.00,4.55,-0.10,-0.32,98.3,4.26,5,0.5,.36,-0.2,0.5,6,.534,.503,,Free Agency,socolmi01
636,Sammy Solís*,27,WSN,41.0,37,0,12,2.63,4.44,0.06,-0.31,102.0,4.14,7,0.8,1.11,-0.1,1.1,11,.521,.505,,Amateur Draft,solissa01
637,Layne Somsen,27,CIN,2.1,2,0,5,19.29,4.19,-0.02,-0.30,110.5,4.32,-4,-0.3,.55,0.1,-0.3,-4,.331,.498,,Amateur Draft,somsela01
638,Joakim Soria,32,KCR,66.2,70,0,31,4.19,4.60,0.10,-0.33,100.7,4.20,0,0.0,1.51,-0.2,0.5,7,.500,.500,$7000000,Free Agency,soriajo01
639,Robert Stephenson,23,CIN,37.0,8,8,26,6.32,4.54,-0.01,0.19,101.9,4.84,-6,-0.6,,0.0,-0.3,-3,.431,.497,,Amateur Draft,stephro01
640,Brock Stewart,24,LAD,28.0,7,5,18,5.79,4.52,0.34,0.12,105.1,4.51,-4,-0.4,.43,0.0,-0.1,-1,.449,.498,,Amateur Draft,stewabr01
641,Drew Storen,28,2TM,51.2,57,0,30,5.23,4.65,0.24,-0.34,99.1,4.03,-7,-0.7,1.02,-0.1,-0.3,-2,.488,.497,$8375000,Traded,storedr01
642,Matt Strahm*,24,KCR,22.0,21,0,4,1.64,4.56,0.07,-0.33,102.5,4.26,6,0.7,1.80,0.2,1.1,9,.533,.504,,Amateur Draft,strahma01
643,Dan Straily,27,CIN,191.1,34,31,80,3.76,4.48,-0.01,0.17,102.4,4.77,24,2.6,.62,-0.2,4.1,38,.577,.516,$512100,Waivers,straida01
644,Stephen Strasburg,27,WSN,147.2,24,24,59,3.60,4.42,0.06,0.18,103.1,4.68,20,2.2,,-0.1,3.4,31,.591,.513,$10400000,Amateur Draft,strasst01
645,Chris Stratton,25,SFG,10.0,7,0,4,3.60,4.17,0.43,-0.30,94.0,3.24,0,0.0,.36,0.0,0.1,0,.496,.500,,Amateur Draft,stratch01
646,Huston Street,32,LAA,22.1,26,0,16,6.45,4.69,0.25,-0.34,93.2,3.82,-7,-0.7,1.30,-0.2,-0.6,-4,.475,.496,$8000000,Traded,streehu01
647,Hunter Strickland,27,SFG,61.0,72,0,21,3.10,4.52,0.38,-0.32,97.1,3.71,5,0.5,1.48,0.0,1.1,10,.507,.503,$517500,Waivers,strichu01
648,Ross Stripling,26,LAD,100.0,22,14,46,4.14,4.50,0.33,0.06,96.8,4.10,1,0.1,1.32,-0.1,0.9,8,.504,.501,,Amateur Draft,stripro01
649,Marcus Stroman,25,TOR,204.0,32,32,104,4.59,4.51,0.32,0.18,100.4,4.39,-4,-0.5,,-0.1,1.4,16,.486,.497,$515900,Amateur Draft,stromma01
650,Pedro Strop,31,CHC,47.1,54,0,16,3.04,4.54,0.48,-0.32,99.8,3.73,4,0.4,1.16,-0.1,0.8,8,.508,.503,$4400000,Traded,stroppe01
651,Daniel Stumpf*,25,PHI,5.0,7,0,6,10.80,4.63,-0.11,-0.33,99.8,4.41,-3,-0.3,1.34,-0.1,-0.4,-3,.450,.498,$507500,Rule 5 Draft,stumpda01
652,Tyler Sturdevant,30,TBR,18.1,16,0,8,3.93,4.62,0.13,-0.33,96.3,4.00,0,0.0,.89,0.0,0.2,2,.501,.500,,Free Agency,sturdty01
653,Albert Suárez,26,SFG,84.0,22,12,42,4.50,4.54,0.43,0.08,100.0,4.19,-2,-0.2,.84,-0.1,0.5,5,.492,.499,,Free Agency,suareal01
654,Eric Surkamp*,28,OAK,38.2,9,9,32,7.45,4.64,-0.50,0.19,97.2,5.18,-10,-0.9,,0.0,-0.6,-6,.398,.494,,Free Agency,surkaer01
655,Brent Suter*,26,MIL,21.2,14,2,8,3.32,4.65,0.17,-0.10,106.7,4.67,4,0.4,.84,-0.1,0.5,5,.527,.502,,Amateur Draft,suterbr01
656,Anthony Swarzak,30,NYY,31.0,26,0,19,5.52,4.79,0.08,-0.35,102.2,4.46,-4,-0.4,.76,0.0,-0.1,-1,.486,.498,,Free Agency,swarzan01
657,Noah Syndergaard,23,NYM,183.2,31,30,61,2.99,4.46,0.03,0.18,95.1,4.39,31,3.5,1.73,-0.1,5.0,45,.612,.521,$535375,Traded,syndeno01
658,Jameson Taillon,24,PIT,104.0,18,18,40,3.46,4.46,-0.02,0.19,98.0,4.57,14,1.6,,-0.1,2.4,22,.587,.510,,Amateur Draft,taillja01
659,Masahiro Tanaka,27,NYY,199.2,31,31,75,3.38,4.60,0.09,0.19,101.2,4.75,30,3.4,,-0.1,5.2,50,.610,.521,$22000000,Free Agency,tanakma01
660,Junichi Tazawa,30,BOS,49.2,53,0,23,4.17,4.54,0.42,-0.33,105.6,4.01,-1,-0.1,1.31,-0.1,0.3,4,.498,.499,$3375000,Free Agency,tazawju01
661,Julio Teheran,25,ATL,188.0,30,30,70,3.35,4.45,-0.02,0.19,98.8,4.60,29,3.2,,-0.1,4.7,43,.606,.520,$3300000,Amateur Free Agent,teherju01
662,Rubén Tejada,26,2TM,1.0,1,0,2,18.00,4.46,-0.22,-0.32,94.0,4.10,-2,-0.1,.00,0.1,-0.1,-1,.361,.499,$1500000,Free Agency,tejadru01
663,Ryan Tepera,28,TOR,18.1,20,0,8,3.93,4.61,0.32,-0.33,100.6,3.98,0,0.0,.47,0.0,0.2,2,.501,.500,$512200,Amateur Draft,teperry01
664,Nick Tepesch,27,LAD,4.0,1,1,5,11.25,4.54,0.42,0.19,98.0,4.22,-3,-0.2,,0.0,-0.2,-3,.258,.499,,Free Agency,tepesni01
665,Jake Thompson,22,PHI,53.2,10,10,34,5.70,4.46,-0.09,0.19,97.9,4.63,-6,-0.6,,0.0,-0.1,-2,.444,.497,,Traded,thompja03
666,Tyler Thornburg,27,MIL,67.0,67,0,19,2.55,4.56,0.11,-0.32,102.8,4.24,13,1.4,1.87,0.5,2.5,19,.521,.509,$513900,Amateur Draft,thornty01
667,Matt Thornton*,39,SDP,17.0,18,0,12,6.35,4.54,0.05,-0.32,96.4,4.02,-4,-0.4,.37,0.1,-0.2,-3,.476,.497,$1600000,Free Agency,thornma01
668,Chris Tillman,28,BAL,172.0,30,30,73,3.82,4.53,0.03,0.18,101.6,4.75,18,1.9,,-0.1,3.5,35,.565,.512,$6225000,Traded,tillmch01
669,Shawn Tolleson,28,TEX,36.1,37,0,32,7.93,4.71,0.04,-0.34,107.8,4.68,-13,-1.3,1.34,-0.3,-1.3,-10,.464,.492,$3275000,Waivers,tollesh01
670,Ashur Tolliver*,28,BAL,4.2,5,0,4,7.71,4.83,0.03,-0.35,102.6,4.57,-2,-0.2,.37,0.0,-0.1,-1,.467,.499,,Amateur Draft,tollias01
671,Josh Tomlin,31,CLE,174.0,30,29,97,5.02,4.51,0.26,0.18,107.3,4.75,-5,-0.5,.07,-0.1,1.1,12,.483,.497,$2250000,Amateur Draft,tomlijo01
672,Michael Tonkin,26,MIN,71.2,65,0,46,5.78,4.58,-0.34,-0.33,100.8,4.62,-9,-0.9,.80,-0.1,-0.3,-2,.486,.494,$515000,Amateur Draft,tonkimi01
673,Carlos Torres,33,MIL,82.1,72,0,26,2.84,4.60,0.14,-0.33,102.2,4.22,14,1.4,1.24,0.0,2.2,20,.520,.509,$950000,Free Agency,torreca01
674,José Torres*,22,SDP,3.0,4,0,0,0.00,4.65,0.05,-0.33,90.0,3.85,1,0.1,1.61,0.0,0.2,2,.535,.501,,Traded,torrejo02
675,Blake Treinen,28,WSN,67.0,73,0,19,2.55,4.39,0.06,-0.31,101.4,4.07,12,1.3,1.34,0.1,2.0,17,.518,.508,$524900,Traded,treinbl01
676,Andrew Triggs,27,OAK,56.1,24,6,30,4.79,4.72,-0.38,-0.07,95.9,4.83,0,0.0,.25,-0.1,0.5,6,.501,.500,,Waivers,triggan01
677,Nick Tropeano,25,LAA,68.1,13,13,27,3.56,4.53,0.20,0.17,95.6,4.30,6,0.6,,0.0,1.2,12,.547,.504,,Traded,tropeni01
678,Chin-hui Tsao,35,LAD,1.2,2,0,1,5.40,4.65,0.38,-0.33,90.0,3.55,0,0.0,1.17,0.0,0.0,0,.484,.500,,Free Agency,tsaoch01
679,Sam Tuivailala,23,STL,9.0,12,0,6,6.00,4.69,-0.15,-0.33,94.2,4.25,-2,-0.2,.16,0.0,0.0,-1,.486,.499,,Amateur Draft,tuivasa01
680,Jacob Turner,25,CHW,24.2,18,2,27,9.85,4.55,0.00,-0.18,96.3,4.21,-15,-1.5,.81,0.1,-1.2,-13,.417,.491,$1500000,Waivers,turneja01
681,Koji Uehara,41,BOS,47.0,50,0,18,3.45,4.46,0.34,-0.32,106.2,4.03,3,0.3,1.26,-0.1,0.7,8,.506,.502,$9000000,Free Agency,ueharko01
682,José Ureña,24,MIA,83.2,28,12,59,6.35,4.33,0.04,0.06,93.2,4.06,-20,-2.0,1.11,-0.1,-1.3,-14,.430,.488,,Amateur Free Agent,urenajo01
683,Julio Urías*,19,LAD,77.0,18,15,32,3.74,4.46,0.30,0.14,97.2,4.18,5,0.5,.44,-0.1,1.1,11,.528,.503,,Amateur Free Agent,uriasju01
684,José Váldez,26,LAA,23.1,25,0,11,4.24,4.64,0.19,-0.34,95.7,3.94,-1,-0.1,1.13,-0.1,0.1,2,.497,.500,,Purchased,valdejo03
685,César Vargas,24,SDP,34.0,7,7,19,5.03,4.62,0.05,0.19,96.1,4.58,-1,-0.1,,0.0,0.2,1,.482,.499,,Free Agency,vargace01
686,Jason Vargas*,33,KCR,12.0,3,3,3,2.25,4.51,0.09,0.18,107.2,4.93,4,0.4,,0.0,0.5,5,.635,.502,$8500000,Free Agency,vargaja01
687,Felipe Vazquez*,24,2TM,77.0,75,0,39,4.56,4.43,0.03,-0.31,100.0,4.08,-3,-0.3,1.29,-0.2,0.2,3,.496,.499,$516100,Traded,riverfe01
688,Vince Velasquez,24,PHI,131.0,24,24,64,4.40,4.42,-0.07,0.18,100.5,4.70,6,0.7,,-0.1,1.7,16,.527,.504,$516000,Traded,velasvi01
689,Pat Venditte#,31,2TM,22.0,15,0,18,7.36,4.53,0.19,-0.23,101.2,4.16,-8,-0.8,.43,0.1,-0.4,-6,.448,.498,,Traded,vendipa01
690,Yordano Ventura,25,KCR,186.0,32,32,96,4.65,4.61,0.11,0.19,101.8,4.77,3,0.3,,-0.1,2.0,21,.509,.502,$1200000,Amateur Free Agent,ventuyo01
691,Drew VerHagen,25,DET,19.0,19,0,15,7.11,4.47,-0.42,-0.32,101.4,4.63,-5,-0.5,.74,0.0,-0.3,-3,.472,.497,$509500,Amateur Draft,verhadr01
692,Justin Verlander,33,DET,227.2,34,34,81,3.20,4.53,-0.28,0.18,100.8,5.03,46,5.3,,-0.1,7.4,69,.656,.533,$28000000,Amateur Draft,verlaju01
693,Logan Verrett,26,NYM,91.2,35,12,55,5.40,4.34,0.03,0.01,96.9,4.19,-11,-1.1,.49,0.0,-0.3,-4,.468,.493,$514875,Rule 5 returned,verrelo01
694,Carlos Villanueva,32,SDP,74.0,51,0,50,6.08,4.45,0.05,-0.32,96.2,3.94,-17,-1.7,.93,-0.1,-1.1,-11,.467,.490,$1500000,Free Agency,villaca01
695,Nick Vincent,29,SEA,60.1,60,0,26,3.88,4.59,0.05,-0.33,95.3,4.01,1,0.1,1.39,-0.1,0.6,7,.502,.501,$525500,Traded,vinceni01
696,Arodys Vizcaíno,25,ATL,38.2,43,0,25,5.82,4.52,-0.02,-0.32,98.4,4.16,-7,-0.7,1.40,-0.2,-0.6,-4,.484,.496,$897500,Traded,vizcaar01
697,Ryan Vogelsong,38,PIT,82.1,24,14,51,5.57,4.54,-0.03,0.09,99.0,4.60,-8,-0.8,.92,-0.1,-0.1,-2,.467,.495,$2000000,Free Agency,vogelry01
698,Edinson Volquez,32,KCR,189.1,34,34,124,5.89,4.57,0.11,0.18,102.7,4.77,-24,-2.3,,-0.1,-0.6,-5,.432,.486,$9500000,Free Agency,volqued01
699,Michael Wacha,24,STL,138.0,27,24,86,5.61,4.44,-0.13,0.16,97.1,4.60,-14,-1.4,.34,-0.1,-0.2,-3,.450,.492,$539000,Amateur Draft,wachami01
700,Tyler Wagner,25,ARI,10.0,3,0,3,2.70,4.60,-0.14,-0.07,100.8,4.71,2,0.3,1.76,0.0,0.4,3,.587,.502,,Traded,wagnety01
701,Adam Wainwright,34,STL,198.2,33,33,108,4.89,4.43,-0.13,0.18,97.4,4.62,-3,-0.4,,-0.2,1.3,12,.489,.498,$19500000,Traded,wainwad01
702,Taijuan Walker,23,SEA,134.1,25,25,75,5.02,4.52,0.06,0.18,95.1,4.41,-9,-0.9,,-0.1,0.3,4,.463,.494,$528600,Amateur Draft,walketa01
703,Chien-Ming Wang,36,KCR,53.1,38,0,27,4.56,4.60,0.11,-0.33,101.9,4.24,-2,-0.2,.46,-0.1,0.3,3,.495,.499,,Free Agency,wangch01
704,Adam Warren,28,2TM,65.1,58,1,37,5.10,4.54,0.38,-0.29,100.8,3.91,-8,-0.8,1.23,-0.2,-0.4,-2,.486,.497,$1700000,Traded,warread01
705,Tony Watson*,31,PIT,67.2,70,0,26,3.46,4.50,-0.02,-0.32,99.7,4.19,6,0.7,1.39,0.0,1.3,12,.510,.504,$3450000,Amateur Draft,watsoto01
706,Jered Weaver,33,LAA,178.0,31,31,106,5.36,4.50,0.24,0.18,94.2,4.18,-23,-2.3,,-0.1,-0.6,-6,.427,.486,$20000000,Amateur Draft,weaveje02
707,Luke Weaver,22,STL,36.1,9,8,29,7.18,4.25,-0.12,0.14,100.3,4.53,-10,-1.0,.01,0.0,-0.6,-7,.393,.494,,Amateur Draft,weavelu01
708,Daniel Webb,26,CHW,1.0,1,0,0,0.00,4.51,0.00,-0.32,104.0,4.36,0,0.1,.00,0.0,0.0,1,.552,.500,,Traded,webbda01
709,Ryan Webb,30,TBR,17.1,18,0,11,5.71,4.68,0.16,-0.34,96.1,4.02,-3,-0.3,.43,0.1,-0.1,-2,.482,.498,$1000000,Free Agency,webbry01
710,Ryan Weber,25,ATL,36.1,16,2,22,5.45,4.53,-0.03,-0.14,98.4,4.35,-4,-0.4,.73,0.0,-0.1,-1,.475,.498,,Amateur Draft,weberry01
711,J.B. Wendelken,23,OAK,12.2,8,0,15,10.66,4.78,-0.44,-0.34,99.9,4.87,-8,-0.8,.11,0.3,-0.3,-7,.403,.495,,Traded,wendejb01
712,Rob Whalen,22,ATL,24.2,5,5,20,7.30,4.42,-0.02,0.18,102.6,4.75,-7,-0.6,,0.0,-0.4,-5,.377,.496,,Traded,whalero01
713,Tyler White,25,HOU,1.0,1,0,1,9.00,4.51,0.60,-0.32,104.0,3.73,-1,-0.1,.00,0.0,0.0,0,.442,.500,$507500,Amateur Draft,whitety01
714,Chase Whitley,27,TBR,14.1,5,1,7,4.40,4.43,0.14,-0.18,101.9,4.19,0,0.0,1.14,0.0,0.1,1,.493,.500,$524525,Waivers,whitlch01
715,Joe Wieland,26,SEA,5.0,1,1,6,10.80,4.22,0.07,0.17,94.0,4.05,-4,-0.3,,0.0,-0.2,-3,.223,.498,$590000,Traded,wielajo01
716,Tom Wilhelmsen,32,2TM,46.1,50,0,35,6.80,4.69,0.05,-0.34,99.0,4.26,-13,-1.3,1.17,-0.1,-0.9,-8,.475,.497,$3100000,Free Agency,wilheto01
717,Jerome Williams,34,STL,17.1,11,0,15,7.79,4.42,-0.16,-0.31,96.2,4.10,-7,-0.7,.04,0.3,-0.2,-6,.438,.496,,Free Agency,willije01
718,Trevor Williams,24,PIT,12.2,7,1,13,9.24,4.51,-0.03,-0.16,100.1,4.38,-7,-0.6,.93,0.0,-0.5,-6,.409,.496,,Traded,willitr01
719,Alex Wilson,29,DET,73.0,62,0,26,3.21,4.55,-0.34,-0.33,101.4,4.63,12,1.2,1.26,0.0,2.0,19,.520,.508,$522500,Traded,wilsoal01
720,Justin Wilson*,28,DET,58.2,66,0,29,4.45,4.60,-0.32,-0.33,100.4,4.60,1,0.1,1.37,-0.1,0.6,7,.502,.501,$1525000,Traded,wilsoju10
721,Tyler Wilson,26,BAL,94.0,24,13,57,5.46,4.70,0.04,0.07,102.3,4.84,-6,-0.6,.54,-0.1,0.2,3,.473,.496,,Amateur Draft,wilsoty01
722,Alex Wimmers,27,MIN,17.1,16,0,8,4.15,4.54,-0.32,-0.33,101.4,4.59,1,0.1,1.12,0.0,0.2,3,.506,.501,,Free Agency,wimmeal01
723,Dan Winkler,26,ATL,2.1,3,0,0,0.00,4.71,-0.01,-0.33,98.0,4.30,1,0.1,2.19,0.1,0.2,1,.541,.501,$508500,Rule 5 Draft,winklda01
724,Matt Wisler,23,ATL,156.2,27,26,90,5.17,4.41,-0.03,0.18,99.5,4.60,-8,-0.8,3.36,-0.1,0.5,4,.470,.495,$507500,Traded,wislema01
725,Chris Withrow,27,ATL,37.2,46,0,16,3.82,4.53,-0.02,-0.32,97.9,4.14,2,0.2,1.21,-0.1,0.5,5,.504,.501,$610000,Traded,withrch01
726,Nick Wittgren,25,MIA,51.2,48,0,18,3.14,4.45,0.03,-0.31,95.0,3.89,5,0.5,.99,-0.1,0.9,9,.511,.503,,Amateur Draft,wittgni01
727,Alex Wood*,25,LAD,60.1,14,10,30,4.48,4.54,0.29,0.16,96.7,4.26,-1,-0.1,.26,-0.1,0.4,4,.495,.500,$530000,Traded,woodal02
728,Blake Wood,30,CIN,76.2,70,0,38,4.46,4.53,-0.01,-0.32,101.6,4.29,0,0.0,1.21,-0.2,0.5,5,.499,.500,$600000,Free Agency,woodbl01
729,Travis Wood*,29,CHC,61.0,77,0,24,3.54,4.60,0.62,-0.29,99.5,3.67,2,0.2,1.13,-0.1,0.6,6,.502,.501,$6175000,Traded,woodtr01
730,Vance Worley,28,BAL,86.2,35,4,37,3.84,4.62,0.03,-0.13,103.2,4.60,7,0.8,.64,-0.2,1.4,16,.522,.505,$2600000,Waivers,worleva01
731,Daniel Wright,25,2TM,39.2,9,7,32,7.26,4.59,0.15,0.13,98.3,4.48,-12,-1.1,1.20,-0.1,-0.8,-8,.381,.497,,Amateur Draft,wrighda04
732,Mike Wright Jr.,26,BAL,74.2,18,12,53,6.39,4.55,0.03,0.14,104.0,4.84,-13,-1.3,.27,0.0,-0.5,-5,.430,.492,$510500,Amateur Draft,wrighmi01
733,Steven Wright,31,BOS,156.2,24,24,74,4.25,4.50,0.44,0.18,106.2,4.50,4,0.5,,-0.1,1.9,20,.519,.503,$514500,Traded,wrighst01
734,Kirby Yates,29,NYY,41.1,41,0,24,5.23,4.52,0.08,-0.33,103.7,4.27,-4,-0.5,.71,0.0,-0.1,0,.489,.497,$511900,Purchased,yateski01
735,Gabriel Ynoa,23,NYM,18.1,10,3,13,6.38,4.24,0.04,-0.01,97.0,4.07,-4,-0.4,.57,0.0,-0.3,-3,.455,.497,,Amateur Free Agent,ynoaga01
736,Michael Ynoa,24,CHW,30.0,23,0,11,3.30,4.46,0.00,-0.32,98.4,4.07,3,0.3,.42,-0.1,0.4,6,.512,.502,,Traded,ynoami01
737,Chris Young,37,KCR,88.2,34,13,63,6.39,4.59,0.10,-0.01,101.3,4.54,-18,-1.8,.55,0.0,-0.9,-9,.447,.489,$4250000,Free Agency,youngch03
738,Madison Younginer,25,ATL,7.0,8,0,5,6.43,4.36,-0.03,-0.31,102.7,4.20,-2,-0.2,.67,0.0,-0.1,-1,.479,.499,,Free Agency,youngma03
739,Rob Zastryzny*,24,CHC,16.0,8,1,3,1.69,4.61,0.56,-0.21,106.3,4.08,4,0.5,1.13,0.0,0.6,6,.561,.503,,Amateur Draft,zastrro01
740,Brad Ziegler,36,2TM,68.0,69,0,21,2.78,4.46,0.10,-0.32,105.7,4.28,12,1.3,1.77,0.3,2.2,18,.518,.504,$5500000,Traded,zieglbr01
741,Jordan Zimmermann,30,DET,105.1,19,18,63,5.38,4.40,-0.37,0.16,100.4,4.96,-5,-0.5,.11,-0.1,0.5,5,.474,.497,$18000000,Free Agency,zimmejo02
742,Tony Zych,25,SEA,13.2,12,0,6,3.95,4.45,0.04,-0.32,98.6,4.03,0,0.0,.52,0.0,0.1,1,.501,.500,$511000,Purchased,zychto01